Date,Close,Predicted_Close_5d,Target_Close_5d
2016-03-09,106.25,95.54323,107.5400009
2016-03-10,107.0800018,95.683044,107.9300003
2016-03-11,109.2600021,96.0939,106.5999985
2016-03-14,108.9499969,97.84877,107.1399994
2016-03-15,107.2200012,98.16124,108.5999985
2016-03-16,107.5400009,96.90658,108.0999985
2016-03-17,107.9300003,96.81255,106.3199997
2016-03-18,106.5999985,96.95089,108.6900024
2016-03-21,107.1399994,96.20685,108.3499985
2016-03-22,108.5999985,96.869194,107.5999985
2016-03-23,108.0999985,98.17813,106.3199997
2016-03-24,106.3199997,98.01585,103.5400009
2016-03-28,108.6900024,96.72077,101.3799973
2016-03-29,108.3499985,97.83554,98.73999786
2016-03-30,107.5999985,97.840576,99.51000214
2016-03-31,106.3199997,97.72004,98.26999664
2016-04-01,103.5400009,96.91016,100.6600037
2016-04-04,101.3799973,94.99146,98.43000031
2016-04-05,98.73999786,93.58554,101.5800018
2016-04-06,99.51000214,91.96035,104.2600021
2016-04-07,98.26999664,91.76764,104.9599991
2016-04-08,100.6600037,90.78474,103.6800003
2016-04-11,98.43000031,92.032524,103.3600006
2016-04-12,101.5800018,90.58544,104.6999969
2016-04-13,104.2600021,92.042946,104.8499985
2016-04-14,104.9599991,93.30862,105.4400024
2016-04-15,103.6800003,93.80794,107.4499969
2016-04-18,103.3600006,93.51567,107.3399963
2016-04-19,104.6999969,93.41897,107.3199997
2016-04-20,104.8499985,94.335686,106.3700027
2016-04-21,105.4400024,94.56074,102.9599991
2016-04-22,107.4499969,95.130875,101.6999969
2016-04-25,107.3399963,96.1597,102.4700012
2016-04-26,107.3199997,96.595345,101.4499969
2016-04-27,106.3700027,96.540886,100.6200027
2016-04-28,102.9599991,95.73361,101.2699966
2016-04-29,101.6999969,93.50003,101.9599991
2016-05-02,102.4700012,92.79758,102.6100006
2016-05-03,101.4499969,93.40178,104.8199997
2016-05-04,100.6200027,92.806725,98.44000244
2016-05-05,101.2699966,92.20447,101.3799973
2016-05-06,101.9599991,92.33821,99.79000092
2016-05-09,102.6100006,92.561615,100.8199997
2016-05-10,104.8199997,93.03153,100.6100006
2016-05-11,98.44000244,94.59339,101.5299988
2016-05-12,101.3799973,91.15043,99.61000061
2016-05-13,99.79000092,92.48305,100.6100006
2016-05-16,100.8199997,91.72781,99.55000305
2016-05-17,100.6100006,91.86153,100.6399994
2016-05-18,101.5299988,91.874146,102.6200027
2016-05-19,99.61000061,92.2746,102.2699966
2016-05-20,100.6100006,91.24985,100.5899963
2016-05-23,99.55000305,91.4893,103.4100037
2016-05-24,100.6399994,90.733406,103.3300018
2016-05-25,102.6200027,90.95129,103.8199997
2016-05-26,102.2699966,92.7772,103.5
2016-05-27,100.5899963,92.56862,105.5400009
2016-05-31,103.4100037,91.65085,105.4899979
2016-06-01,103.3300018,92.91043,105.6500015
2016-06-02,103.8199997,93.096115,104.5
2016-06-03,103.5,93.68149,103.1999969
2016-06-06,105.5400009,93.835625,101.0800018
2016-06-07,105.4899979,94.97426,102.4800034
2016-06-08,105.6500015,95.48819,101.9899979
2016-06-09,104.5,95.746635,103.2399979
2016-06-10,103.1999969,94.780716,105.8000031
2016-06-14,101.0800018,93.88921,107.1200027
2016-06-15,102.4800034,92.68723,106.5
2016-06-16,101.9899979,93.37073,109.9499969
2016-06-17,103.2399979,93.28063,100.2600021
2016-06-20,105.8000031,94.1044,99.84999847
2016-06-21,107.1200027,95.80719,101.5199966
2016-06-22,106.5,96.62068,99.98999786
2016-06-23,109.9499969,96.34639,99.63999939
2016-06-27,100.2600021,98.11771,99.18000031
2016-06-28,99.84999847,93.14338,99.77999878
2016-06-29,101.5199966,92.47677,99.77999878
2016-06-30,99.98999786,93.33534,102.0699997
2016-07-01,99.63999939,92.444046,105.6600037
2016-07-05,99.18000031,92.404106,106.5400009
2016-07-06,99.77999878,91.5745,107.8600006
2016-07-07,99.77999878,91.18508,107.9800034
2016-07-08,102.0699997,90.85158,108.8199997
2016-07-11,105.6600037,92.24684,109.0100021
2016-07-12,106.5400009,94.00734,108.5599976
2016-07-13,107.8600006,95.7735,109.3000031
2016-07-14,107.9800034,96.72871,108.8600006
2016-07-15,108.8199997,96.816154,109.6800003
2016-07-18,109.0100021,97.45876,109.6800003
2016-07-19,108.5599976,97.92641,109.5999985
2016-07-20,109.3000031,98.16357,110.5699997
2016-07-21,108.8600006,98.93022,110.7600021
2016-07-22,109.6800003,98.90356,111.5999985
2016-07-25,109.6800003,99.41459,111.2300034
2016-07-26,109.5999985,99.43704,109.9700012
2016-07-27,110.5699997,99.56826,110.0699997
2016-07-28,110.7600021,100.32371,112.3099976
2016-07-29,111.5999985,100.83173,115.9599991
2016-08-01,111.2300034,101.553734,117.4100037
2016-08-02,109.9700012,101.493126,117.4199982
2016-08-03,110.0699997,100.31093,116.9499969
2016-08-04,112.3099976,100.349525,117.7699966
2016-08-05,115.9599991,101.953636,117.7900009
2016-08-08,117.4100037,104.33478,117.5800018
2016-08-09,117.4199982,105.63274,117.2799988
2016-08-10,116.9499969,106.12814,119.1999969
2016-08-11,117.7699966,105.7636,118.9400024
2016-08-12,117.7900009,106.37456,119.6200027
2016-08-15,117.5800018,106.82936,120.5800018
2016-08-16,117.2799988,107.22693,119.8000031
2016-08-17,119.1999969,107.40975,120.9000015
2016-08-18,118.9400024,108.46323,120.2900009
2016-08-19,119.6200027,108.386116,118.6200027
2016-08-22,120.5800018,108.55068,120.3399963
2016-08-23,119.8000031,109.11324,121.2399979
2016-08-24,120.9000015,108.6198,120.6299973
2016-08-25,120.2900009,109.49261,121.0199966
2016-08-26,118.6200027,109.314445,122.0800018
2016-08-29,120.3399963,107.92603,120.6699982
2016-08-30,121.2399979,108.94674,120.7399979
2016-08-31,120.6299973,109.806,121.0100021
2016-09-01,121.0199966,109.67431,118.6600037
2016-09-02,122.0800018,110.119194,120.3499985
2016-09-06,120.6699982,110.695984,118.8099976
2016-09-07,120.7399979,109.63565,117.4499969
2016-09-08,121.0100021,109.76498,118.1699982
2016-09-09,118.6600037,109.99577,114.6299973
2016-09-12,120.3499985,108.207016,115.0699997
2016-09-13,118.8099976,109.3583,116.4599991
2016-09-14,117.4499969,108.24611,119.4499969
2016-09-15,118.1699982,107.246414,120.8000031
2016-09-16,114.6299973,107.65254,117.6600037
2016-09-19,115.0699997,105.401115,117.0999985
2016-09-20,116.4599991,105.39827,118.3199997
2016-09-21,119.4499969,106.298134,117.6299973
2016-09-22,120.8000031,108.05117,115.9899979
2016-09-23,117.6600037,108.997925,116.0599976
2016-09-26,117.0999985,107.26635,115.2600021
2016-09-27,118.3199997,106.13738,115.3300018
2016-09-28,117.6299973,106.53158,117.0699997
2016-09-29,115.9899979,106.45972,116.4400024
2016-09-30,116.0599976,105.65469,115.8899994
2016-10-03,115.2600021,105.71605,116.4199982
2016-10-04,115.3300018,104.929886,115.3199997
2016-10-05,117.0699997,104.67693,115.1500015
2016-10-06,116.4400024,105.48638,114.6900024
2016-10-07,115.8899994,105.08542,115.0899963
2016-10-10,116.4199982,104.96496,115.4300003
2016-10-11,115.3199997,105.34869,115.0500031
2016-10-12,115.1500015,104.43762,114.8899994
2016-10-13,114.6900024,104.20875,116.1399994
2016-10-14,115.0899963,103.82558,115.2699966
2016-10-17,115.4300003,104.07435,115.4499969
2016-10-18,115.0500031,104.451515,115.25
2016-10-19,114.8899994,104.0832,115.5
2016-10-20,116.1399994,103.6495,114.8499985
2016-10-21,115.2699966,104.73588,114.8099976
2016-10-24,115.4499969,104.160866,115.6600037
2016-10-25,115.25,104.24434,114.7300034
2016-10-26,115.5,104.082726,113.3799973
2016-10-27,114.8499985,104.20738,113.1699982
2016-10-28,114.8099976,103.69151,110.5599976
2016-10-31,115.6600037,103.520424,112.4800034
2016-11-01,114.7300034,104.40606,113.8099976
2016-11-02,113.3799973,103.621376,111.8099976
2016-11-03,113.1699982,102.36895,110.8600006
2016-11-04,110.5599976,101.783714,111.9499969
2016-11-07,112.4800034,99.846565,111.7799988
2016-11-08,113.8099976,101.69244,112.4899979
2016-11-09,111.8099976,103.1572,112.5699997
2016-11-10,110.8600006,101.83851,113.2399979
2016-11-11,111.9499969,100.84459,114.0400009
2016-11-14,111.7799988,101.176285,114.5100021
2016-11-15,112.4899979,100.88801,113.7799988
2016-11-16,112.5699997,101.64414,114.5100021
2016-11-17,113.2399979,101.820076,117.8000031
2016-11-18,114.0400009,102.32824,117.6500015
2016-11-21,114.5100021,103.18172,118.3000031
2016-11-22,113.7799988,103.394356,118.5299988
2016-11-23,114.5100021,102.57729,117.7699966
2016-11-25,117.8000031,103.20233,116.8300018
2016-11-28,117.6500015,105.70457,117.5599976
2016-11-29,118.3000031,106.13048,117.8799973
2016-11-30,118.5299988,106.67774,121.4599991
2016-12-01,117.7699966,106.7077,121.4599991
2016-12-02,116.8300018,105.96231,122.9800034
2016-12-05,117.5599976,105.16311,121.8600006
2016-12-06,117.8799973,105.752335,123.0699997
2016-12-07,121.4599991,106.38535,121.0599976
2016-12-08,121.4599991,108.9138,121.9800034
2016-12-09,122.9800034,109.50036,121.0
2016-12-12,121.8600006,110.08522,121.8399963
2016-12-13,123.0699997,109.18152,121.6699982
2016-12-14,121.0599976,109.68593,121.1100006
2016-12-15,121.9800034,108.48218,120.6600037
2016-12-16,121.0,109.30675,120.9000015
2016-12-19,121.8399963,109.11359,119.3899994
2016-12-20,121.6699982,109.807686,118.4199982
2016-12-21,121.1100006,110.03627,117.0400009
2016-12-22,120.6600037,109.46525,118.5500031
2016-12-23,120.9000015,109.17736,121.1900024
2016-12-27,119.3899994,109.3645,120.4400024
2016-12-28,118.4199982,108.43092,120.1299973
2016-12-29,117.0400009,107.69274,119.7399979
2017-01-03,118.5500031,106.70891,119.7600021
2017-01-04,121.1900024,107.70379,119.9100037
2017-01-05,120.4400024,109.67591,119.6399994
2017-01-06,120.1299973,109.41436,119.8099976
2017-01-09,119.7399979,108.98627,118.4100037
2017-01-10,119.7600021,108.34808,118.7900009
2017-01-11,119.9100037,108.15505,119.3099976
2017-01-12,119.6399994,108.37833,118.9199982
2017-01-13,119.8099976,108.38552,118.2900009
2017-01-17,118.4100037,108.57888,117.6399994
2017-01-18,118.7900009,107.39838,119.0599976
2017-01-19,119.3099976,107.36564,118.9800034
2017-01-20,118.9199982,107.59761,116.6900024
2017-01-23,118.2900009,107.41738,116.0699997
2017-01-24,117.6399994,106.92053,115.75
2017-01-25,119.0599976,106.22532,115.2600021
2017-01-26,118.9800034,107.48764,114.5299988
2017-01-27,116.6900024,107.58363,115.1200027
2017-01-30,116.0699997,105.695206,113.3099976
2017-01-31,115.75,104.76703,113.0400009
2017-02-01,115.2600021,104.27705,113.2699966
2017-02-02,114.5299988,103.904274,111.9199982
2017-02-03,115.1200027,103.34501,112.8899994
2017-02-06,113.3099976,103.80953,114.1299973
2017-02-07,113.0400009,102.443146,114.4700012
2017-02-08,113.2699966,101.946205,113.6100006
2017-02-09,111.9199982,101.73784,113.3499985
2017-02-10,112.8899994,100.56447,113.6999969
2017-02-13,114.1299973,101.61041,114.3000031
2017-02-14,114.4700012,102.89857,114.4000015
2017-02-15,113.6100006,103.263214,114.5899963
2017-02-16,113.3499985,102.37382,113.7699966
2017-02-17,113.6999969,101.69181,114.2399979
2017-02-21,114.3000031,101.741356,113.1500015
2017-02-22,114.4000015,102.599,114.7399979
2017-02-23,114.5899963,102.88697,113.3899994
2017-02-24,113.7699966,103.046524,113.3399963
2017-02-27,114.2399979,102.21246,112.9100037
2017-02-28,113.1500015,102.4846,112.6500015
2017-03-01,114.7399979,101.402504,111.8000031
2017-03-02,113.3899994,103.12209,112.1900024
2017-03-03,113.3399963,102.27906,112.6600037
2017-03-06,112.9100037,102.18574,113.4000015
2017-03-07,112.6500015,101.696106,112.0899963
2017-03-08,111.8000031,101.2086,113.2399979
2017-03-09,112.1900024,100.50481,113.2399979
2017-03-10,112.6600037,100.91196,112.2099991
2017-03-13,113.4000015,101.59372,112.2099991
2017-03-14,112.0899963,102.56346,111.3899994
2017-03-15,113.2399979,101.444916,110.8300018
2017-03-16,113.2399979,102.252174,110.5100021
2017-03-17,112.2099991,102.31386,111.3600006
2017-03-20,112.2099991,101.29627,111.7300034
2017-03-21,111.3899994,101.22602,112.4100037
2017-03-22,110.8300018,100.26136,110.25
2017-03-23,110.5100021,99.717705,110.0599976
2017-03-24,111.3600006,99.333275,108.6200027
2017-03-27,111.7300034,100.393425,108.5199966
2017-03-28,112.4100037,100.924065,108.0100021
2017-03-29,110.25,101.92412,106.1399994
2017-03-30,110.0599976,99.73619,105.5
2017-03-31,108.6200027,99.05578,105.9100037
2017-04-03,108.5199966,97.75791,105.9800034
2017-04-04,108.0100021,97.48334,106.4000015
2017-04-05,106.1399994,97.21171,105.4400024
2017-04-06,105.5,95.85,104.1800003
2017-04-07,105.9100037,95.07186,106.1200027
2017-04-10,105.9800034,95.12174,105.3199997
2017-04-11,106.4000015,94.84706,104.6200027
2017-04-12,105.4400024,95.19303,106.0
2017-04-13,104.1800003,94.529755,106.5800018
2017-04-17,106.1200027,93.38115,106.9899979
2017-04-18,105.3199997,95.54171,108.7200012
2017-04-19,104.6200027,95.009895,109.9100037
2017-04-20,106.0,94.334175,109.4100037
2017-04-21,106.5800018,95.64768,108.1399994
2017-04-24,106.9899979,96.07928,108.3000031
2017-04-25,108.7200012,96.50801,109.2399979
2017-04-26,109.9100037,97.99955,108.8700027
2017-04-27,109.4100037,98.897804,109.1600037
2017-04-28,108.1399994,98.70232,109.9100037
2017-05-01,108.3000031,97.60779,110.1900024
2017-05-02,109.2399979,97.420425,108.4599991
2017-05-03,108.8700027,98.43475,105.8099976
2017-05-04,109.1600037,98.57136,106.8399963
2017-05-05,109.9100037,98.94348,106.4599991
2017-05-08,110.1900024,99.63657,106.4100037
2017-05-09,108.4599991,99.95081,106.9199982
2017-05-10,105.8099976,98.186035,105.7900009
2017-05-11,106.8399963,95.82263,106.7699966
2017-05-12,106.4599991,96.57277,107.5599976
2017-05-15,106.4100037,96.64836,107.5
2017-05-16,106.9199982,96.88141,108.0800018
2017-05-17,105.7900009,97.294586,107.3199997
2017-05-18,106.7699966,96.20689,107.3000031
2017-05-19,107.5599976,96.92527,107.0999985
2017-05-22,107.5,97.646576,107.8799973
2017-05-23,108.0800018,97.665,107.5400009
2017-05-24,107.3199997,98.404274,108.4000015
2017-05-25,107.3000031,97.839935,109.3700027
2017-05-26,107.0999985,97.556526,107.7600021
2017-05-30,107.8799973,97.27769,107.8000031
2017-05-31,107.5400009,98.06647,107.5299988
2017-06-01,108.4000015,97.8259,105.7799988
2017-06-02,109.3700027,98.86507,105.7399979
2017-06-05,107.7600021,99.79886,106.4499969
2017-06-06,107.8000031,98.03312,107.4100037
2017-06-07,107.5299988,97.84514,106.6999969
2017-06-08,105.7799988,97.4324,105.7799988
2017-06-09,105.7399979,95.86958,104.9000015
2017-06-12,106.4499969,95.88859,104.6999969
2017-06-13,107.4100037,96.64344,103.8199997
2017-06-14,106.6999969,97.639786,104.5599976
2017-06-15,105.7799988,97.200386,105.4899979
2017-06-16,104.9000015,95.96589,105.2399979
2017-06-19,104.6999969,94.775246,104.9800034
2017-06-20,103.8199997,94.54516,104.5400009
2017-06-21,104.5599976,93.971245,105.3099976
2017-06-22,105.4899979,94.85502,104.3399963
2017-06-23,105.2399979,96.11574,105.0199966
2017-06-26,104.9800034,95.89275,106.0299988
2017-06-27,104.5400009,95.349915,108.5299988
2017-06-28,105.3099976,94.47299,107.4499969
2017-06-29,104.3399963,95.26117,108.4700012
2017-06-30,105.0199966,94.54758,108.2200012
2017-07-03,106.0299988,95.38185,108.2099991
2017-07-05,108.5299988,96.55721,109.8700027
2017-07-06,107.4499969,98.84357,109.8399963
2017-07-07,108.4700012,98.00841,110.1999969
2017-07-10,108.2200012,98.41652,110.3300018
2017-07-11,108.2099991,98.17082,110.0
2017-07-12,109.8700027,98.17935,109.6999969
2017-07-13,109.8399963,99.903046,109.8399963
2017-07-14,110.1999969,100.19399,109.3099976
2017-07-17,110.3300018,100.70683,109.4100037
2017-07-18,110.0,100.86815,110.1299973
2017-07-19,109.6999969,100.4498,110.7699966
2017-07-20,109.8399963,99.98671,111.6699982
2017-07-21,109.3099976,100.33834,112.2600021
2017-07-24,109.4100037,99.83592,112.8399963
2017-07-25,110.1299973,100.1904,114.1699982
2017-07-26,110.7699966,101.14305,114.1900024
2017-07-27,111.6699982,101.844955,112.7300034
2017-07-28,112.2600021,102.85842,113.6399994
2017-07-31,112.8399963,103.44716,114.1299973
2017-08-01,114.1699982,103.9687,114.2200012
2017-08-02,114.1900024,104.966225,113.0999985
2017-08-03,112.7300034,105.29159,112.3799973
2017-08-04,113.6399994,103.15122,112.1200027
2017-08-07,114.1299973,103.75632,113.0299988
2017-08-08,114.2200012,104.39282,113.2799988
2017-08-09,113.0999985,104.95706,112.3899994
2017-08-10,112.3799973,103.7106,111.4499969
2017-08-11,112.1200027,102.54944,111.7300034
2017-08-14,113.0299988,102.180756,112.7200012
2017-08-15,113.2799988,103.282104,112.8700027
2017-08-16,112.3899994,103.90234,112.8499985
2017-08-17,111.4499969,102.96614,112.2200012
2017-08-18,111.7300034,101.84124,112.8399963
2017-08-21,112.7200012,101.887024,112.2699966
2017-08-22,112.8700027,103.02226,112.0800018
2017-08-23,112.8499985,103.53584,112.2900009
2017-08-24,112.2200012,103.7169,112.9800034
2017-08-25,112.8399963,102.81213,113.0299988
2017-08-28,112.2699966,103.26304,113.6200027
2017-08-29,112.0800018,102.511055,113.7300034
2017-08-30,112.2900009,102.20277,114.2799988
2017-08-31,112.9800034,102.536644,114.9700012
2017-09-01,113.0299988,103.46918,116.2300034
2017-09-05,113.6200027,103.70766,116.6100006
2017-09-06,113.7300034,104.2372,117.0999985
2017-09-07,114.2799988,104.26726,117.6900024
2017-09-08,114.9700012,104.79212,117.5899963
2017-09-11,116.2300034,105.654434,120.0599976
2017-09-13,116.6100006,106.78048,120.3700027
2017-09-14,117.0999985,107.302376,120.0500031
2017-09-15,117.6900024,107.65907,120.6299973
2017-09-18,117.5899963,108.06572,120.9700012
2017-09-19,120.0599976,107.95664,121.3300018
2017-09-20,120.3700027,109.33297,121.4899979
2017-09-21,120.0500031,109.86823,119.5999985
2017-09-22,120.6299973,109.65259,119.1699982
2017-09-25,120.9700012,110.02587,119.3099976
2017-09-26,121.3300018,110.35269,120.3399963
2017-09-27,121.4899979,110.8349,120.9700012
2017-09-28,119.5999985,111.26314,120.8399963
2017-09-29,119.1699982,108.422035,121.8700027
2017-10-02,119.3099976,107.67075,121.6699982
2017-10-03,120.3399963,108.05167,124.0800018
2017-10-04,120.9700012,109.3542,123.5599976
2017-10-05,120.8399963,110.55656,123.1900024
2017-10-06,121.8700027,110.67826,123.3799973
2017-10-09,121.6699982,111.3154,123.4199982
2017-10-10,124.0800018,111.12901,123.3099976
2017-10-11,123.5599976,112.403465,124.2600021
2017-10-12,123.1900024,112.133965,123.0699997
2017-10-13,123.3799973,111.835205,122.7699966
2017-10-16,123.4199982,111.985,123.8799973
2017-10-17,123.3099976,112.16627,122.3399963
2017-10-18,124.2600021,112.268234,123.8499985
2017-10-19,123.0699997,112.9789,124.2300034
2017-10-23,122.7699966,111.598015,124.3899994
2017-10-24,123.8799973,111.114456,124.0
2017-10-25,122.3399963,112.018326,124.4300003
2017-10-26,123.8499985,110.50991,125.3099976
2017-10-27,124.2300034,111.749245,125.6200027
2017-10-30,124.3899994,112.29638,125.6299973
2017-10-31,124.0,112.657555,127.4599991
2017-11-01,124.4300003,112.42969,127.9800034
2017-11-02,125.3099976,112.5371,125.4599991
2017-11-03,125.6200027,113.16595,124.4899979
2017-11-06,125.6299973,113.68956,125.6699982
2017-11-07,127.4599991,113.88005,124.8700027
2017-11-08,127.9800034,114.8096,123.6600037
2017-11-09,125.4599991,115.36095,124.3700027
2017-11-10,124.4899979,112.635445,123.2900009
2017-11-13,125.6699982,111.33925,124.2900009
2017-11-14,124.8700027,112.06299,125.7799988
2017-11-15,123.6600037,112.084915,126.0800018
2017-11-16,124.3700027,111.63414,125.9800034
2017-11-17,123.2900009,111.998566,126.9599991
2017-11-20,124.2900009,111.17234,126.5500031
2017-11-21,125.7799988,111.9285,126.3399963
2017-11-22,126.0800018,112.934875,124.3600006
2017-11-27,125.9800034,113.28505,123.9199982
2017-11-28,126.9599991,113.42845,123.6800003
2017-11-29,126.5500031,113.95313,122.9700012
2017-11-30,126.3399963,113.5428,123.3899994
2017-12-01,124.3600006,113.345116,124.4499969
2017-12-04,123.9199982,111.673615,123.9300003
2017-12-05,123.6800003,111.065605,124.25
2017-12-06,122.9700012,110.992424,124.9199982
2017-12-07,123.3899994,110.53214,125.0
2017-12-08,124.4499969,110.87989,124.3399963
2017-12-11,123.9300003,111.82261,127.3199997
2017-12-12,124.25,111.54778,127.0100021
2017-12-13,124.9199982,111.670395,127.6299973
2017-12-14,125.0,112.11251,128.2799988
2017-12-15,124.3399963,112.14352,128.3200073
2017-12-18,127.3199997,111.66909,127.9800034
2017-12-19,127.0100021,113.679214,128.2299957
2017-12-20,127.6299973,113.73731,128.2700043
2017-12-21,128.2799988,114.18454,127.1699982
2017-12-22,128.3200073,114.47882,128.3699951
2017-12-26,127.9800034,114.387794,130.1300049
2017-12-27,128.2299957,114.2002,132.1600037
2017-12-28,128.2700043,114.38088,133.8600006
2017-12-29,127.1699982,114.54581,134.7700043
2018-01-02,128.3699951,113.56465,133.7200012
2018-01-03,130.1300049,114.427055,136.3999939
2018-01-04,132.1600037,115.55671,136.9100037
2018-01-05,133.8600006,116.94604,137.1999969
2018-01-08,134.7700043,117.98097,137.9700012
2018-01-09,133.7200012,118.41057,140.7200012
2018-01-10,136.3999939,117.65464,138.6300049
2018-01-11,136.9100037,118.485634,139.3999939
2018-01-12,137.1999969,119.11164,139.2799988
2018-01-16,137.9700012,119.77384,139.0299988
2018-01-17,140.7200012,120.470024,138.1799927
2018-01-18,138.6300049,121.31915,139.5599976
2018-01-22,139.3999939,120.24437,139.5299988
2018-01-23,139.2799988,120.430145,139.6199951
2018-01-24,139.0299988,120.62453,137.9199982
2018-01-25,138.1799927,121.04112,138.8000031
2018-01-26,139.5599976,121.076065,136.6199951
2018-01-29,139.5299988,121.61131,131.9299927
2018-01-30,139.6199951,121.93925,138.7599945
2018-01-31,137.9199982,122.290184,136.8800049
2018-02-01,138.8000031,121.23594,134.4299927
2018-02-02,136.6199951,121.42529,136.5700073
2018-02-05,131.9299927,120.34597,138.7599945
2018-02-06,138.7599945,118.23102,135.0399933
2018-02-07,136.8800049,120.62109,135.4700012
2018-02-08,134.4299927,120.58833,135.2799988
2018-02-09,136.5700073,120.12418,136.1999969
2018-02-12,138.7599945,120.40327,136.1999969
2018-02-13,135.0399933,120.77484,134.8000031
2018-02-14,135.4700012,119.86894,135.2299957
2018-02-15,135.2799988,119.82891,137.0299988
2018-02-16,136.1999969,119.53249,138.4299927
2018-02-20,136.1999969,119.93073,136.0299988
2018-02-21,134.8000031,120.24583,134.6000061
2018-02-22,135.2299957,119.31628,130.3899994
2018-02-23,137.0299988,119.256256,130.5899963
2018-02-26,138.4299927,119.903435,130.9799957
2018-02-27,136.0299988,120.49756,131.3399963
2018-02-28,134.6000061,119.72941,129.8200073
2018-03-01,130.3899994,119.00374,129.5599976
2018-03-02,130.5899963,117.21756,129.6999969
2018-03-05,130.9799957,116.938866,130.3399963
2018-03-06,131.3399963,116.94186,130.0
2018-03-07,129.8200073,117.00598,130.0
2018-03-08,129.5599976,116.45001,130.3899994
2018-03-09,129.6999969,115.909,129.9100037
2018-03-12,130.3399963,115.36502,127.8399963
2018-03-13,130.0,115.368515,129.25
2018-03-14,130.0,115.22152,129.2799988
2018-03-15,130.3899994,115.18021,127.0199966
2018-03-16,129.9100037,115.46057,124.5
2018-03-19,127.8399963,115.06947,127.3099976
2018-03-20,129.25,113.75616,128.0399933
2018-03-21,129.2799988,114.22597,129.3699951
2018-03-22,127.0199966,114.23933,130.3699951
2018-03-23,124.5,113.2692,126.5899963
2018-03-26,127.3099976,111.87979,128.3500061
2018-03-27,128.0399933,112.989525,127.7600021
2018-03-28,129.3699951,113.46123,127.4000015
2018-03-29,130.3699951,114.29294,125.3700027
2018-04-02,126.5899963,114.733734,126.1699982
2018-04-03,128.3500061,112.91053,128.2599945
2018-04-04,127.7600021,113.3829,127.8099976
2018-04-05,127.4000015,113.03149,128.6300049
2018-04-06,125.3700027,112.92778,128.5299988
2018-04-09,126.1699982,112.198654,128.8200073
2018-04-10,128.2599945,112.41551,129.3399963
2018-04-11,127.8099976,113.26106,129.0700073
2018-04-12,128.6300049,113.18762,128.4900055
2018-04-13,128.5299988,113.46386,129.2299957
2018-04-16,128.8200073,113.357056,129.0700073
2018-04-17,129.3399963,113.75508,129.4700012
2018-04-18,129.0700073,114.09782,131.1000061
2018-04-19,128.4900055,114.07634,131.6100006
2018-04-20,129.2299957,113.76928,131.0099945
2018-04-23,129.0700073,114.21303,130.9799957
2018-04-24,129.4700012,114.22919,130.9700012
2018-04-25,131.1000061,114.44271,130.1799927
2018-04-26,131.6100006,115.515205,130.1100006
2018-04-27,131.0099945,116.020836,131.3200073
2018-04-30,130.9799957,115.84623,131.5099945
2018-05-01,130.9700012,115.74,130.8999939
2018-05-02,130.1799927,115.67027,136.2899933
2018-05-03,130.1100006,115.22472,138.3899994
2018-05-04,131.3200073,115.2824,138.0700073
2018-05-07,131.5099945,116.192635,138.1399994
2018-05-08,130.8999939,116.66268,136.2200012
2018-05-09,136.2899933,116.30485,137.3500061
2018-05-10,138.3899994,118.679184,136.6699982
2018-05-11,138.0700073,119.87927,136.0399933
2018-05-14,138.1399994,120.22932,136.4499969
2018-05-15,136.2200012,120.29634,135.7400055
2018-05-16,137.3500061,118.7938,134.8300018
2018-05-17,136.6699982,119.31047,132.4400024
2018-05-18,136.0399933,119.29572,129.9600067
2018-05-21,136.4499969,119.261665,126.6999969
2018-05-22,135.7400055,119.738914,127.9700012
2018-05-23,134.8300018,119.478,131.3099976
2018-05-24,132.4400024,118.796074,134.2799988
2018-05-25,129.9600067,117.30745,133.4600067
2018-05-29,126.6999969,116.000046,136.1699982
2018-05-31,127.9700012,114.672485,136.4499969
2018-06-01,131.3099976,115.358955,136.2100067
2018-06-04,134.2799988,117.0319,137.1499939
2018-06-05,133.4600067,118.485725,134.5500031
2018-06-06,136.1699982,118.31474,135.4100037
2018-06-07,136.4499969,118.78994,135.4400024
2018-06-08,136.2100067,118.782104,135.8099976
2018-06-11,137.1499939,118.7922,136.5200043
2018-06-12,134.5500031,119.35896,136.1499939
2018-06-13,135.4100037,118.44092,134.3699951
2018-06-14,135.4400024,118.821785,132.6600037
2018-06-15,135.8099976,118.79911,131.0
2018-06-18,136.5200043,118.823685,128.5700073
2018-06-19,136.1499939,119.10828,129.2100067
2018-06-20,134.3699951,119.09274,127.1100006
2018-06-21,132.6600037,118.233475,129.0899963
2018-06-22,131.0,117.34794,128.8099976
2018-06-25,128.5700073,116.50735,127.9300003
2018-06-26,129.2100067,115.46842,127.4000015
2018-06-27,127.1100006,115.811356,129.0700073
2018-06-28,129.0899963,114.90612,129.5599976
2018-06-29,128.8099976,115.61956,130.6999969
2018-07-02,127.9300003,115.34142,129.2700043
2018-07-03,127.4000015,114.63066,128.0599976
2018-07-05,129.0700073,114.02014,129.1799927
2018-07-06,129.5599976,114.64728,129.5099945
2018-07-09,130.6999969,115.01524,129.5099945
2018-07-10,129.2700043,115.68556,131.4499969
2018-07-11,128.0599976,114.98235,132.0899963
2018-07-12,129.1799927,113.92275,131.7700043
2018-07-13,129.5099945,114.243195,131.8000031
2018-07-16,129.5099945,114.288826,131.7299957
2018-07-17,131.4499969,114.407906,132.5800018
2018-07-18,132.0899963,115.53196,132.2100067
2018-07-19,131.7700043,115.98804,133.3300018
2018-07-20,131.8000031,115.862816,134.4600067
2018-07-23,131.7299957,115.73227,134.9799957
2018-07-24,132.5800018,115.5759,131.8399963
2018-07-25,132.2100067,116.33308,131.6300049
2018-07-26,133.3300018,116.485115,131.0500031
2018-07-27,134.4600067,117.191666,131.3000031
2018-07-30,134.9799957,117.90896,128.4499969
2018-07-31,131.8399963,118.34901,128.5200043
2018-08-01,131.6300049,116.27326,127.0899963
2018-08-02,131.0500031,115.76608,125.4499969
2018-08-03,131.3000031,115.43827,124.2300034
2018-08-06,128.4499969,115.96608,123.5
2018-08-07,128.5200043,114.85566,123.4499969
2018-08-08,127.0899963,114.5356,121.8499985
2018-08-09,125.4499969,113.66104,122.7600021
2018-08-10,124.2300034,112.67753,123.2799988
2018-08-13,123.5,111.85469,123.2699966
2018-08-14,123.4499969,111.13769,122.5699997
2018-08-15,121.8499985,110.94041,123.7399979
2018-08-16,122.7600021,110.01243,122.2600021
2018-08-17,123.2799988,110.29387,122.8399963
2018-08-20,123.2699966,110.3488,126.4700012
2018-08-21,122.5699997,110.127594,126.0699997
2018-08-22,123.7399979,109.33509,127.4800034
2018-08-23,122.2600021,109.96094,125.2600021
2018-08-24,122.8399963,109.07168,124.0800018
2018-08-27,126.4700012,109.27907,122.0100021
2018-08-28,126.0699997,111.70331,120.4700012
2018-08-29,127.4800034,111.732704,120.1900024
2018-08-30,125.2600021,112.54109,119.3000031
2018-08-31,124.0800018,110.99338,119.1800003
2018-09-04,122.0100021,109.84899,119.1800003
2018-09-05,120.4700012,108.76974,119.9100037
2018-09-06,120.1900024,108.018684,121.9599991
2018-09-07,119.3000031,107.885155,122.2799988
2018-09-10,119.1800003,107.53863,122.4800034
2018-09-11,119.1800003,107.23919,125.0299988
2018-09-12,119.9100037,106.7081,125.3199997
2018-09-13,121.9599991,107.12341,124.9499969
2018-09-14,122.2799988,108.58375,124.7200012
2018-09-17,122.4800034,109.15449,124.0
2018-09-18,125.0299988,109.33199,124.8799973
2018-09-19,125.3199997,110.85637,125.1399994
2018-09-20,124.9499969,111.238045,124.6100006
2018-09-21,124.7200012,110.989784,124.3499985
2018-09-24,124.0,110.71878,124.8199997
2018-09-25,124.8799973,110.05096,125.7099991
2018-09-26,125.1399994,110.76221,122.6999969
2018-09-27,124.6100006,111.18561,122.1800003
2018-09-28,124.3499985,110.86974,121.5
2018-10-01,124.8199997,110.68369,121.7200012
2018-10-02,125.7099991,111.06815,119.9199982
2018-10-03,122.6999969,111.835754,117.7799988
2018-10-04,122.1800003,109.80747,116.75
2018-10-05,121.5,109.20474,116.7600021
2018-10-08,121.7200012,108.67965,115.6299973
2018-10-09,119.9199982,109.07321,118.0400009
2018-10-10,117.7799988,108.14628,117.7300034
2018-10-11,116.75,106.68696,116.6699982
2018-10-12,116.7600021,105.78297,116.3199997
2018-10-15,115.6299973,105.3844,117.0999985
2018-10-16,118.0400009,104.602974,117.9700012
2018-10-17,117.7300034,106.46793,114.5699997
2018-10-18,116.6699982,106.47802,116.6600037
2018-10-19,116.3199997,105.571945,117.3000031
2018-10-22,117.0999985,104.77392,115.3099976
2018-10-23,117.9700012,104.87999,116.2399979
2018-10-24,114.5699997,105.654816,117.0500031
2018-10-25,116.6600037,103.86173,115.4599991
2018-10-26,117.3000031,105.02533,115.4100037
2018-10-29,115.3099976,105.28879,117.5800018
2018-10-30,116.2399979,104.07877,119.3099976
2018-10-31,117.0500031,104.245346,117.2900009
2018-11-02,115.4599991,104.6083,117.2399979
2018-11-05,115.4100037,103.81214,115.5699997
2018-11-06,117.5800018,103.695076,115.1100006
2018-11-07,119.3099976,105.08824,116.8799973
2018-11-08,117.2900009,106.29945,117.0
2018-11-09,117.2399979,105.586754,116.9599991
2018-11-12,115.5699997,105.19948,117.1399994
2018-11-13,115.1100006,103.928795,117.2900009
2018-11-14,116.8799973,103.67544,119.25
2018-11-15,117.0,104.92527,119.7099991
2018-11-16,116.9599991,105.27824,121.2699966
2018-11-19,117.1399994,105.454346,121.0
2018-11-20,117.2900009,105.453094,121.5800018
2018-11-21,119.25,105.2803,121.7799988
2018-11-23,119.7099991,106.613525,121.4800034
2018-11-26,121.2699966,107.37511,123.5100021
2018-11-27,121.0,108.57513,120.8799973
2018-11-28,121.5800018,108.718575,121.8300018
2018-11-29,121.7799988,109.04878,119.9700012
2018-11-30,121.4800034,109.1223,120.9400024
2018-12-03,123.5100021,108.94635,120.4100037
2018-12-04,120.8799973,110.28499,121.8899994
2018-12-06,121.8300018,108.51638,120.7799988
2018-12-07,119.9700012,109.00958,120.0999985
2018-12-10,120.9400024,107.75718,119.5500031
2018-12-11,120.4100037,108.352745,120.0100021
2018-12-12,121.8899994,108.35218,119.3799973
2018-12-13,120.7799988,109.45946,118.4499969
2018-12-14,120.0999985,109.02649,113.9599991
2018-12-17,119.5500031,108.49739,111.8099976
2018-12-18,120.0100021,108.08068,113.7200012
2018-12-19,119.3799973,108.24039,115.4800034
2018-12-20,118.4499969,108.14862,116.3399963
2018-12-21,113.9599991,107.476776,116.0800018
2018-12-24,111.8099976,104.86612,116.2799988
2018-12-26,113.7200012,103.22022,114.6500015
2018-12-27,115.4800034,104.12343,119.7300034
2018-12-28,116.3399963,105.23524,121.2799988
2018-12-31,116.0800018,105.887505,122.3099976
2019-01-02,116.2799988,105.53613,122.9199982
2019-01-03,114.6500015,105.13025,122.9199982
2019-01-04,119.7300034,103.7821,125.0699997
2019-01-07,121.2799988,106.49141,125.3899994
2019-01-08,122.3099976,107.81837,126.2799988
2019-01-09,122.9199982,108.94337,125.6600037
2019-01-10,122.9199982,109.4712,124.9199982
2019-01-11,125.0699997,109.156006,125.3499985
2019-01-14,125.3899994,109.98781,123.5999985
2019-01-15,126.2799988,110.42076,122.4700012
2019-01-16,125.6600037,111.26374,122.8300018
2019-01-17,124.9199982,111.35525,123.7200012
2019-01-18,125.3499985,111.1959,122.4800034
2019-01-22,123.5999985,111.23176,122.2699966
2019-01-23,122.4700012,110.187614,123.0400009
2019-01-24,122.8300018,109.59052,123.1699982
2019-01-25,123.7200012,110.00925,122.0
2019-01-28,122.4800034,110.992874,122.9000015
2019-01-29,122.2699966,110.492226,123.4700012
2019-01-30,123.0400009,110.35659,121.0500031
2019-01-31,123.1699982,110.73651,118.1100006
2019-02-01,122.0,111.03102,117.3099976
2019-02-04,122.9000015,110.41935,117.1500015
2019-02-05,123.4700012,110.88235,119.7799988
2019-02-06,121.0500031,111.41548,119.6299973
2019-02-07,118.1100006,109.92598,119.25
2019-02-08,117.3099976,107.91838,121.1500015
2019-02-11,117.1500015,106.866425,121.4899979
2019-02-12,119.7799988,106.57382,122.7900009
2019-02-13,119.6299973,108.53716,121.2399979
2019-02-14,119.25,108.65793,121.8199997
2019-02-15,121.1500015,108.15242,122.4100037
2019-02-19,121.4899979,109.018456,123.2300034
2019-02-20,122.7900009,109.03392,122.3199997
2019-02-21,121.2399979,109.813934,121.0400009
2019-02-22,121.8199997,109.01105,120.3399963
2019-02-25,122.4100037,109.33764,118.4199982
2019-02-26,123.2300034,109.80505,118.2600021
2019-02-27,122.3199997,110.38457,117.9800034
2019-02-28,121.0400009,109.66943,117.2399979
2019-03-01,120.3399963,108.63282,117.7099991
2019-03-04,118.4199982,108.045395,119.1299973
2019-03-05,118.2600021,106.76859,118.7600021
2019-03-06,117.9800034,106.65259,119.3099976
2019-03-07,117.2399979,106.419586,117.6999969
2019-03-08,117.7099991,106.0632,118.9700012
2019-03-11,119.1299973,106.37483,119.5100021
2019-03-12,118.7600021,107.43517,119.7300034
2019-03-13,119.3099976,107.174706,119.6699982
2019-03-14,117.6999969,107.51937,120.4400024
2019-03-15,118.9700012,106.29426,120.2200012
2019-03-18,119.5100021,107.059845,120.4899979
2019-03-19,119.7300034,107.69323,121.7699966
2019-03-20,119.6699982,107.9048,121.0299988
2019-03-21,120.4400024,107.81268,119.0699997
2019-03-22,120.2200012,108.27979,118.0199966
2019-03-25,120.4899979,108.03927,119.8799973
2019-03-26,121.7699966,108.16247,120.6500015
2019-03-27,121.0299988,109.25093,121.0699997
2019-03-28,119.0699997,108.72296,122.0800018
2019-03-29,118.0199966,107.16295,122.5400009
2019-04-01,119.8799973,106.012024,122.2399979
2019-04-02,120.6500015,107.42047,122.0599976
2019-04-03,121.0699997,108.50482,122.1800003
2019-04-04,122.0800018,109.18638,121.0400009
2019-04-05,122.5400009,109.85253,122.4000015
2019-04-08,122.2399979,110.11338,121.9700012
2019-04-09,122.0599976,109.88276,121.75
2019-04-10,122.1800003,109.62334,124.0800018
2019-04-11,121.0400009,109.820656,125.1600037
2019-04-12,122.4000015,109.03734,124.1600037
2019-04-15,121.9700012,110.21492,124.9400024
2019-04-16,121.75,109.95445,122.8799973
2019-04-17,124.0800018,109.73223,123.1900024
2019-04-18,125.1600037,111.329124,123.6200027
2019-04-22,124.1600037,112.18928,123.8099976
2019-04-23,124.9400024,111.6035,123.5999985
2019-04-24,122.8799973,111.94752,122.9199982
2019-04-25,123.1900024,110.23119,122.5899963
2019-04-26,123.6200027,110.4039,123.6500015
2019-04-29,123.8099976,111.02296,122.9800034
2019-04-30,123.5999985,111.38436,122.5
2019-05-01,122.9199982,111.49967,121.7600021
2019-05-02,122.5899963,110.878075,119.3199997
2019-05-03,123.6500015,110.3079,119.2699966
2019-05-06,122.9800034,111.12927,118.2600021
2019-05-07,122.5,110.86532,119.0699997
2019-05-08,121.7600021,110.49355,120.6399994
2019-05-09,119.3199997,109.89128,119.9000015
2019-05-10,119.2699966,107.867836,118.4000015
2019-05-13,118.2600021,107.49717,118.1100006
2019-05-14,119.0699997,106.7377,118.25
2019-05-15,120.6399994,107.5125,117.3199997
2019-05-16,119.9000015,109.08765,117.4700012
2019-05-17,118.4000015,108.65293,118.5500031
2019-05-20,118.1100006,107.15751,119.4000015
2019-05-21,118.25,106.34504,119.5500031
2019-05-22,117.3199997,106.13613,119.75
2019-05-23,117.4700012,105.61173,117.5800018
2019-05-24,118.5500031,105.81426,118.1299973
2019-05-28,119.4000015,106.81288,119.5400009
2019-05-29,119.5500031,107.65447,120.2200012
2019-05-30,119.75,107.6636,121.3000031
2019-05-31,117.5800018,107.44354,122.3899994
2019-06-03,118.1299973,105.44975,123.4899979
2019-06-04,119.5400009,105.77841,124.9899979
2019-06-05,120.2200012,107.200714,125.6800003
2019-06-06,121.3000031,108.12633,124.7900009
2019-06-07,122.3899994,109.18357,124.3899994
2019-06-10,123.4899979,109.837006,124.3899994
2019-06-11,124.9899979,110.40409,125.3700027
2019-06-12,125.6800003,111.26656,125.2099991
2019-06-13,124.7900009,111.7889,125.8000031
2019-06-14,124.3899994,111.1957,124.8300018
2019-06-17,124.3899994,111.020676,124.7900009
2019-06-18,125.3700027,111.1355,123.9300003
2019-06-19,125.2099991,111.93254,123.2900009
2019-06-20,125.8000031,112.20802,123.6699982
2019-06-21,124.8300018,112.70383,123.9899979
2019-06-24,124.7900009,111.889435,125.7900009
2019-06-25,123.9300003,111.807755,127.0
2019-06-26,123.2900009,111.05631,126.8300018
2019-06-27,123.6699982,110.573395,126.5699997
2019-06-28,123.9899979,111.19057,126.8700027
2019-07-01,125.7900009,111.78154,126.9000015
2019-07-02,127.0,113.367004,127.3799973
2019-07-03,126.8300018,114.285934,126.75
2019-07-05,126.5699997,114.21034,127.7099991
2019-07-08,126.8700027,113.77514,127.6299973
2019-07-09,126.9000015,113.87257,128.6100006
2019-07-10,127.3799973,114.081894,129.3600006
2019-07-11,126.75,114.67518,129.8099976
2019-07-12,127.7099991,114.14733,130.1699982
2019-07-15,127.6299973,114.693054,131.1399994
2019-07-16,128.6100006,114.7365,131.75
2019-07-17,129.3600006,115.34169,133.0
2019-07-18,129.8099976,115.91755,132.5
2019-07-19,130.1699982,116.29755,131.9499969
2019-07-22,131.1399994,116.63574,131.7299957
2019-07-23,131.75,117.18263,131.1300049
2019-07-24,133.0,117.641495,129.0500031
2019-07-25,132.5,118.27734,129.6199951
2019-07-26,131.9499969,117.95818,128.9499969
2019-07-29,131.7299957,117.33817,128.3000031
2019-07-30,131.1300049,117.13412,127.0500031
2019-07-31,129.0500031,116.617836,128.2200012
2019-08-01,129.6199951,114.78926,129.3500061
2019-08-02,128.9499969,115.19879,128.9799957
2019-08-05,128.3000031,114.91937,128.2299957
2019-08-06,127.0500031,114.702736,129.4199982
2019-08-07,128.2200012,113.8364,126.4800034
2019-08-08,129.3500061,114.47307,127.3600006
2019-08-09,128.9799957,115.55086,128.7899933
2019-08-12,128.2299957,115.575584,129.6399994
2019-08-13,129.4199982,114.94486,129.0299988
2019-08-14,126.4800034,115.4315,129.8800049
2019-08-15,127.3600006,113.59512,129.6499939
2019-08-16,128.7899933,113.85516,127.8300018
2019-08-19,129.6399994,114.73088,130.7799988
2019-08-20,129.0299988,115.46042,130.4600067
2019-08-21,129.8800049,115.34237,130.2899933
2019-08-22,129.6499939,115.48374,130.5
2019-08-23,127.8300018,115.11223,130.6300049
2019-08-26,130.7799988,113.89159,131.5700073
2019-08-27,130.4600067,115.42304,132.1000061
2019-08-28,130.2899933,115.55974,131.1699982
2019-08-29,130.5,115.85904,132.0500031
2019-08-30,130.6300049,115.90148,132.8300018
2019-09-03,131.5700073,115.74274,133.6199951
2019-09-04,132.1000061,116.342705,135.5500031
2019-09-05,131.1699982,116.849915,135.7899933
2019-09-06,132.0500031,116.3108,136.6600037
2019-09-09,132.8300018,116.74274,135.9400024
2019-09-10,133.6199951,117.33613,137.8200073
2019-09-11,135.5500031,117.8436,137.0500031
2019-09-12,135.7899933,118.935684,136.5500031
2019-09-13,136.6600037,119.278915,136.5599976
2019-09-16,135.9400024,119.76747,136.3699951
2019-09-17,137.8200073,119.36158,136.3699951
2019-09-18,137.0500031,120.02095,136.6199951
2019-09-19,136.5500031,119.77149,138.3200073
2019-09-20,136.5599976,119.68883,136.2799988
2019-09-23,136.3699951,119.8585,134.4900055
2019-09-24,136.3699951,119.89312,133.2899933
2019-09-25,136.6199951,120.14126,131.4700012
2019-09-26,138.3200073,120.39141,131.1999969
2019-09-27,136.2799988,121.36868,131.8200073
2019-09-30,134.4900055,120.028564,131.1499939
2019-10-01,133.2899933,118.67811,131.4299927
2019-10-02,131.4700012,117.62535,133.0099945
2019-10-03,131.1999969,116.769905,132.6499939
2019-10-04,131.8200073,116.88523,135.4499969
2019-10-07,131.1499939,117.407845,135.0700073
2019-10-08,131.4299927,117.16472,136.8699951
2019-10-09,133.0099945,117.18387,136.7599945
2019-10-10,132.6499939,117.94972,135.9499969
2019-10-11,135.4499969,117.65217,135.7700043
2019-10-14,135.0700073,119.15109,136.3200073
2019-10-15,136.8699951,119.145,136.3500061
2019-10-16,136.7599945,119.9095,137.3200073
2019-10-17,135.9499969,119.95233,138.1499939
2019-10-18,135.7700043,119.242836,138.2799988
2019-10-21,136.3200073,118.945694,138.2799988
2019-10-22,136.3500061,119.207054,138.6799927
2019-10-23,137.3200073,119.47163,139.0200043
2019-10-24,138.1499939,120.16557,138.5500031
2019-10-25,138.2799988,120.770294,139.8300018
2019-10-28,138.2799988,120.868164,140.5599976
2019-10-29,138.6799927,120.97556,140.7400055
2019-10-30,139.0200043,121.13932,140.3699951
2019-10-31,138.5500031,121.47518,142.8600006
2019-11-01,139.8300018,121.3079,144.3899994
2019-11-04,140.5599976,122.03705,145.0599976
2019-11-05,140.7400055,122.58084,144.5399933
2019-11-06,140.3699951,122.9396,144.5599976
2019-11-07,142.8600006,122.67552,143.8699951
2019-11-08,144.3899994,123.59285,144.2700043
2019-11-11,145.0599976,124.40743,143.6000061
2019-11-12,144.5399933,125.02688,142.8500061
2019-11-13,144.5599976,124.80259,141.3699951
2019-11-14,143.8699951,124.73856,142.1399994
2019-11-15,144.2700043,124.26066,142.5299988
2019-11-18,143.6000061,124.557236,142.5399933
2019-11-19,142.8500061,124.26673,141.9700012
2019-11-20,141.3699951,123.84437,141.6600037
2019-11-21,142.1399994,122.86661,140.2100067
2019-11-22,142.5299988,123.219025,140.2700043
2019-11-25,142.5399933,123.723885,140.7299957
2019-11-26,141.9700012,124.1244,143.3800049
2019-11-27,141.6600037,123.90021,142.8300018
2019-11-29,140.2100067,123.530334,142.7700043
2019-12-02,140.2700043,122.427124,141.8899994
2019-12-03,140.7299957,122.27013,141.1799927
2019-12-04,143.3800049,122.672714,141.6199951
2019-12-05,142.8300018,124.45581,141.6000061
2019-12-06,142.7700043,124.5898,142.1000061
2019-12-09,141.8899994,124.39035,142.5299988
2019-12-10,141.1799927,123.33837,142.7700043
2019-12-11,141.6199951,122.49026,142.3899994
2019-12-12,141.6000061,122.77987,142.7599945
2019-12-13,142.1000061,122.984604,141.9700012
2019-12-16,142.5299988,123.57465,141.9600067
2019-12-17,142.7700043,123.91532,141.3399963
2019-12-18,142.3899994,124.01371,141.5299988
2019-12-19,142.7599945,123.521255,141.2799988
2019-12-20,141.9700012,123.63536,140.6100006
2019-12-23,141.9600067,122.99635,140.5399933
2019-12-24,141.3399963,123.0315,142.2400055
2019-12-26,141.5299988,122.582565,140.75
2019-12-27,141.2799988,122.68689,140.7700043
2019-12-30,140.6100006,122.55736,141.5099945
2019-12-31,140.5399933,121.97593,141.1600037
2020-01-02,142.2400055,121.79124,140.5099945
2020-01-03,140.75,123.2784,139.7299957
2020-01-06,140.7700043,122.54453,140.5599976
2020-01-07,141.5099945,122.4271,140.3699951
2020-01-08,141.1600037,122.726494,139.3600006
2020-01-09,140.5099945,122.46489,140.1000061
2020-01-10,139.7299957,122.110596,140.0399933
2020-01-13,140.5599976,121.3018,142.3800049
2020-01-14,140.3699951,121.82353,141.5599976
2020-01-15,139.3600006,121.91611,143.0599976
2020-01-16,140.1000061,121.30457,142.7599945
2020-01-17,140.0399933,121.64181,141.0599976
2020-01-21,142.3800049,121.592064,142.5800018
2020-01-22,141.5599976,123.34573,141.5500031
2020-01-23,143.0599976,123.06646,141.0800018
2020-01-24,142.7599945,123.749565,138.8399963
2020-01-27,141.0599976,123.4499,138.9199982
2020-01-28,142.5800018,122.20216,140.9499969
2020-01-29,141.5500031,122.80798,141.7200012
2020-01-30,141.0800018,122.30927,143.8500061
2020-01-31,138.8399963,122.27141,142.3399963
2020-02-03,138.9199982,121.09874,141.2799988
2020-02-04,140.9499969,120.8591,142.1100006
2020-02-05,141.7200012,122.00331,142.4299927
2020-02-06,143.8500061,122.823616,141.1000061
2020-02-07,142.3399963,123.96208,140.1499939
2020-02-10,141.2799988,123.3007,139.3800049
2020-02-11,142.1100006,122.51636,137.8399963
2020-02-12,142.4299927,122.54531,139.1100006
2020-02-13,141.1000061,122.85036,139.0399933
2020-02-14,140.1499939,122.51744,134.4900055
2020-02-18,139.3800049,122.09463,134.0299988
2020-02-19,137.8399963,121.523834,135.1300049
2020-02-20,139.1100006,120.63531,131.3999939
2020-02-21,139.0399933,121.17413,130.75
2020-02-24,134.4900055,121.15795,132.7100067
2020-02-25,134.0299988,119.525635,130.9499969
2020-02-26,135.1300049,118.871826,131.8500061
2020-02-27,131.3999939,118.9906,129.1999969
2020-02-28,130.75,117.77184,127.1100006
2020-03-02,132.7100067,117.14295,122.7900009
2020-03-03,130.9499969,117.68709,126.9899979
2020-03-04,131.8500061,116.94186,122.7900009
2020-03-05,129.1999969,117.0619,112.1999969
2020-03-06,127.1100006,115.62698,116.2300034
2020-03-09,122.7900009,114.28372,108.5
2020-03-10,126.9899979,112.69507,118.8899994
2020-03-11,122.7900009,113.9079,116.0699997
2020-03-12,112.1999969,112.590744,118.2300034
2020-03-13,116.2300034,109.684166,116.4599991
2020-03-16,108.5,109.340126,111.0999985
2020-03-17,118.8899994,106.47511,116.3499985
2020-03-18,116.0699997,108.089645,121.2900009
2020-03-19,118.2300034,106.89345,126.3399963
2020-03-20,116.4599991,106.469086,127.2399979
2020-03-23,111.0999985,105.42097,125.2200012
2020-03-24,116.3499985,103.450676,119.9499969
2020-03-25,121.2900009,103.85601,119.9499969
2020-03-26,126.3399963,105.21692,117.8199997
2020-03-27,127.2399979,107.50797,115.0
2020-03-30,125.2200012,107.907524,122.4100037
2020-03-31,119.9499969,108.097466,121.9000015
2020-04-01,119.9499969,105.86924,123.5400009
2020-04-02,117.8199997,105.74195,123.4100037
2020-04-03,115.0,105.42872,121.2600021
2020-04-06,122.4100037,105.002335,124.6399994
2020-04-07,121.9000015,107.6592,122.9899979
2020-04-08,123.5400009,107.44282,121.8300018
2020-04-09,123.4100037,107.4566,124.6100006
2020-04-13,121.2600021,107.120285,121.7099991
2020-04-14,124.6399994,106.57524,120.6699982
2020-04-15,122.9899979,108.201584,121.4300003
2020-04-16,121.8300018,108.85147,121.6800003
2020-04-17,124.6100006,108.85647,122.5599976
2020-04-20,121.7099991,109.87285,124.1999969
2020-04-21,120.6699982,109.23435,125.4899979
2020-04-22,121.4300003,108.20912,127.8600006
2020-04-23,121.6800003,108.430565,123.5899963
2020-04-24,122.5599976,108.52924,121.1200027
2020-04-27,124.1999969,109.19629,120.6999969
2020-04-28,125.4899979,110.28037,121.9599991
2020-04-29,127.8600006,110.67575,121.5800018
2020-04-30,123.5899963,111.73533,121.5199966
2020-05-01,121.1200027,110.47458,121.5199966
2020-05-04,120.6999969,109.228134,123.6200027
2020-05-05,121.9599991,109.12225,120.1699982
2020-05-06,121.5800018,109.71947,117.7600021
2020-05-07,121.5199966,109.85505,116.9499969
2020-05-08,121.5199966,109.86462,119.4700012
2020-05-11,123.6200027,109.573204,118.2200012
2020-05-12,120.1699982,110.20721,119.8199997
2020-05-13,117.7600021,108.79578,117.9499969
2020-05-14,116.9499969,107.446815,117.5599976
2020-05-18,119.4700012,107.05819,124.1100006
2020-05-19,118.2200012,108.20247,126.8099976
2020-05-20,119.8199997,107.88888,128.3600006
2020-05-21,117.9499969,108.24219,126.0100021
2020-05-22,117.5599976,107.174644,126.4499969
2020-05-26,124.1100006,106.53969,126.4800034
2020-05-27,126.8099976,109.08383,128.7299957
2020-05-28,128.3600006,110.40826,128.1600037
2020-05-29,126.0100021,111.56413,131.1000061
2020-06-01,126.4499969,111.01112,132.0700073
2020-06-02,126.4800034,110.98332,130.5899963
2020-06-03,128.7299957,111.00357,131.0099945
2020-06-04,128.1600037,112.15108,124.4400024
2020-06-05,131.1000061,112.45525,127.8199997
2020-06-08,132.0700073,113.89153,127.4000015
2020-06-09,130.5899963,114.724556,129.6000061
2020-06-10,131.0099945,113.95679,128.8800049
2020-06-11,124.4400024,114.09784,129.1199951
2020-06-12,127.8199997,111.57762,127.7900009
2020-06-15,127.4000015,112.86989,128.1300049
2020-06-16,129.6000061,113.40726,129.0899963
2020-06-17,128.8800049,114.5455,127.8000031
2020-06-18,129.1199951,114.559975,127.7699966
2020-06-19,127.7900009,114.58477,126.1600037
2020-06-22,128.1300049,113.93443,126.8899994
2020-06-23,129.0899963,114.003654,125.6299973
2020-06-24,127.8000031,114.66636,124.1399994
2020-06-25,127.7699966,114.408646,126.3899994
2020-06-26,126.1600037,114.84392,126.9800034
2020-06-29,126.8899994,113.82068,124.9599991
2020-06-30,125.6299973,113.813995,125.4100037
2020-07-01,124.1399994,113.06053,123.8300018
2020-07-02,126.3899994,112.27411,124.9700012
2020-07-06,126.9800034,113.23925,125.0500031
2020-07-07,124.9599991,113.671616,126.4300003
2020-07-08,125.4100037,112.8052,127.3300018
2020-07-09,123.8300018,112.56455,126.4899979
2020-07-10,124.9700012,111.64383,127.0599976
2020-07-13,125.0500031,112.04117,127.2799988
2020-07-14,126.4300003,112.26684,126.2699966
2020-07-15,127.3300018,112.9022,126.2600021
2020-07-16,126.4899979,113.43759,125.8600006
2020-07-17,127.0599976,113.014565,125.2099991
2020-07-20,127.2799988,112.9601,127.5699997
2020-07-21,126.2699966,112.97716,125.4599991
2020-07-22,126.2600021,112.560196,123.9899979
2020-07-23,125.8600006,112.57729,122.4599991
2020-07-24,125.2099991,112.47121,119.3399963
2020-07-27,127.5699997,111.98451,120.9400024
2020-07-28,125.4599991,113.397064,122.9100037
2020-07-29,123.9899979,112.32842,124.8199997
2020-07-30,122.4599991,111.28084,128.3399963
2020-07-31,119.3399963,110.286224,129.9600067
2020-08-03,120.9400024,108.604935,130.5700073
2020-08-04,122.9100037,109.4314,133.75
2020-08-05,124.8199997,110.68236,136.4400024
2020-08-06,128.3399963,111.78407,135.6399994
2020-08-07,129.9600067,113.31467,134.2200012
2020-08-10,130.5700073,113.94699,135.5299988
2020-08-11,133.75,114.00993,136.0800018
2020-08-12,136.4400024,115.150085,135.2100067
2020-08-13,135.6399994,116.35613,134.0899963
2020-08-14,134.2200012,116.728905,133.8300018
2020-08-17,135.5299988,116.59653,134.7599945
2020-08-18,136.0800018,116.94345,134.7899933
2020-08-19,135.2100067,117.384636,134.8899994
2020-08-20,134.0899963,117.38234,133.5599976
2020-08-21,133.8300018,117.01166,133.9199982
2020-08-24,134.7599945,117.086555,132.4299927
2020-08-25,134.7899933,117.7869,132.3000031
2020-08-26,134.8899994,118.18254,132.5200043
2020-08-27,133.5599976,118.48178,129.9499969
2020-08-28,133.9199982,117.962814,133.1699982
2020-08-31,132.4299927,118.21385,131.2299957
2020-09-01,132.3000031,117.52211,131.1300049
2020-09-02,132.5200043,117.48084,130.1799927
2020-09-03,129.9499969,117.73465,131.3399963
2020-09-04,133.1699982,116.58579,133.7700043
2020-09-08,131.2299957,118.04459,134.0299988
2020-09-09,131.1300049,117.30078,134.0299988
2020-09-10,130.1799927,117.14241,135.0
2020-09-11,131.3399963,116.515854,134.25
2020-09-14,133.7700043,116.84523,131.2200012
2020-09-15,134.0299988,118.03357,132.25
2020-09-16,134.0299988,118.46661,133.2899933
2020-09-17,135.0,118.47312,131.8500061
2020-09-18,134.25,118.6649,132.9700012
2020-09-21,131.2200012,118.316696,136.0099945
2020-09-22,132.25,116.521194,134.25
2020-09-23,133.2899933,116.8114,132.4400024
2020-09-24,131.8500061,117.39463,132.4299927
2020-09-25,132.9700012,117.12709,131.7299957
2020-09-28,136.0099945,117.62017,132.1000061
2020-09-29,134.25,118.61501,131.2599945
2020-09-30,132.4400024,118.07611,132.4299927
2020-10-01,132.4299927,117.24709,132.9499969
2020-10-02,131.7299957,116.92536,132.0800018
2020-10-05,132.1000061,116.658775,131.8000031
2020-10-06,131.2599945,117.15481,132.6499939
2020-10-07,132.4299927,116.816025,131.5299988
2020-10-08,132.9499969,117.227066,131.1699982
2020-10-09,132.0800018,117.523605,130.6399994
2020-10-12,131.8000031,117.00964,130.8800049
2020-10-13,132.6499939,116.613045,131.3099976
2020-10-14,131.5299988,117.03033,133.1399994
2020-10-15,131.1699982,116.63811,133.4199982
2020-10-16,130.6399994,116.46136,133.2799988
2020-10-19,130.8800049,116.04722,132.8500061
2020-10-20,131.3099976,115.97331,132.4600067
2020-10-21,133.1399994,116.29883,130.0700073
2020-10-22,133.4199982,117.411705,131.3500061
2020-10-23,133.2799988,117.75466,131.2899933
2020-10-26,132.8500061,117.71871,133.2400055
2020-10-27,132.4600067,117.24574,135.8699951
2020-10-28,130.0700073,116.75237,134.1600037
2020-10-29,131.3500061,115.24205,137.0700073
2020-10-30,131.2899933,115.96117,137.1999969
2020-11-02,133.2400055,116.16755,139.6399994
2020-11-03,135.8699951,117.58274,139.9400024
2020-11-04,134.1600037,119.062874,142.4799957
2020-11-05,137.0700073,118.14456,139.6900024
2020-11-06,137.1999969,119.03294,141.6199951
2020-11-09,139.6399994,119.16646,144.1100006
2020-11-10,139.9400024,120.27042,142.7400055
2020-11-11,142.4799957,120.891174,141.8300018
2020-11-12,139.6900024,121.88405,140.9199982
2020-11-13,141.6199951,120.6853,142.1300049
2020-11-16,144.1100006,121.14743,143.2599945
2020-11-17,142.7400055,122.0153,143.8399963
2020-11-18,141.8300018,121.94931,141.3099976
2020-11-19,140.9199982,122.08821,140.1600037
2020-11-20,142.1300049,121.69231,134.4600067
2020-11-23,143.2599945,122.29585,136.1399994
2020-11-24,143.8399963,122.997246,136.3399963
2020-11-25,141.3099976,123.58793,136.8500061
2020-11-27,140.1600037,122.68072,138.2799988
2020-11-30,134.4600067,122.20162,138.1499939
2020-12-01,136.1399994,120.03027,138.7400055
2020-12-02,136.3399963,120.28865,140.8800049
2020-12-03,136.8500061,120.64273,143.0700073
2020-12-04,138.2799988,121.098335,151.0
2020-12-07,138.1499939,121.76513,153.5800018
2020-12-08,138.7400055,121.55683,152.8500061
2020-12-09,140.8800049,121.49167,155.0899963
2020-12-10,143.0700073,122.068,154.6399994
2020-12-11,151.0,122.95123,153.7700043
2020-12-14,153.5800018,124.981834,151.7700043
2020-12-15,152.8500061,126.207954,150.7700043
2020-12-16,155.0899963,126.22066,151.1600037
2020-12-17,154.6399994,126.54259,150.4700012
2020-12-18,153.7700043,126.56359,152.6000061
2020-12-21,151.7700043,126.66058,153.3399963
2020-12-22,150.7700043,126.48177,154.0899963
2020-12-23,151.1600037,126.44365,154.5700073
2020-12-24,150.4700012,126.80376,153.2899933
2020-12-28,152.6000061,126.93745,153.3999939
2020-12-29,153.3399963,127.47471,153.5299988
2020-12-30,154.0899963,127.937645,152.6699982
2020-12-31,154.5700073,128.5435,152.8500061
2021-01-04,153.2899933,128.9885,153.3899994
2021-01-05,153.3999939,128.78705,151.75
2021-01-06,153.5299988,128.92566,150.6499939
2021-01-07,152.6699982,129.14294,151.3399963
2021-01-08,152.8500061,129.0598,148.4100037
2021-01-11,153.3899994,129.1914,148.1300049
2021-01-12,151.75,129.42801,149.9799957
2021-01-13,150.6499939,128.76955,151.3399963
2021-01-14,151.3399963,128.30078,147.9499969
2021-01-15,148.4100037,128.3951,146.7200012
2021-01-19,148.1300049,127.41497,145.9799957
2021-01-20,149.9799957,127.30841,142.6399994
2021-01-21,151.3399963,127.874985,143.3000031
2021-01-22,147.9499969,128.4336,140.5200043
2021-01-25,146.7200012,127.49715,140.4100037
2021-01-26,145.9799957,126.62982,143.1199951
2021-01-27,142.6399994,125.864716,148.0700073
2021-01-28,143.3000031,124.809074,148.0200043
2021-01-29,140.5200043,124.86811,150.8600006
2021-02-01,140.4100037,123.91563,152.9299927
2021-02-02,143.1199951,123.533516,154.0
2021-02-03,148.0700073,124.18754,161.5599976
2021-02-04,148.0200043,125.52873,158.9400024
2021-02-05,150.8600006,125.708244,160.4900055
2021-02-08,152.9299927,126.3708,156.4799957
2021-02-09,154.0,126.78263,156.5299988
2021-02-10,161.5599976,127.16675,153.4499969
2021-02-11,158.9400024,128.6608,153.5500031
2021-02-12,160.4900055,128.4128,152.4400024
2021-02-16,156.4799957,128.91162,152.7299957
2021-02-17,156.5299988,128.0329,152.4499969
2021-02-18,153.4499969,128.01103,149.2599945
2021-02-19,153.5500031,127.48992,147.9299927
2021-02-22,152.4400024,127.83029,149.3399963
2021-02-23,152.7299957,127.89171,149.2100067
2021-02-24,152.4499969,128.23468,148.8300018
2021-02-25,149.2599945,128.31352,146.8500061
2021-02-26,147.9299927,127.33577,148.5200043
2021-03-01,149.3399963,126.88674,148.2299957
2021-03-02,149.2100067,127.08819,151.5399933
2021-03-03,148.8300018,127.31995,151.8800049
2021-03-04,146.8500061,127.36615,150.3600006
2021-03-05,148.5200043,126.75167,150.5299988
2021-03-08,148.2299957,126.9312,152.8999939
2021-03-09,151.5399933,126.712166,152.1000061
2021-03-10,151.8800049,127.59176,153.6399994
2021-03-11,150.3600006,127.745575,157.7100067
2021-03-12,150.5299988,127.38329,158.5800018
2021-03-15,152.8999939,127.18337,154.4799957
2021-03-16,152.1000061,127.61346,151.3399963
2021-03-17,153.6399994,127.56156,150.6699982
2021-03-18,157.7100067,128.11775,150.6699982
2021-03-19,158.5800018,129.18675,153.3699951
2021-03-22,154.4799957,129.68372,154.8999939
2021-03-23,151.3399963,128.64493,153.8699951
2021-03-24,150.6699982,127.36129,156.0599976
2021-03-25,150.6699982,126.88675,154.1600037
2021-03-26,153.3699951,127.25269,155.3800049
2021-03-29,154.8999939,128.39462,153.6499939
2021-03-30,153.8699951,129.07268,154.6999969
2021-03-31,156.0599976,128.96533,153.3800049
2021-04-01,154.1600037,129.2959,154.2799988
2021-04-05,155.3800049,128.63762,154.0899963
2021-04-06,153.6499939,128.93256,155.7700043
2021-04-07,154.6999969,128.75246,156.2200012
2021-04-08,153.3800049,129.28873,157.3099976
2021-04-09,154.2799988,129.1173,157.5700073
2021-04-12,154.0899963,129.28107,156.4100037
2021-04-13,155.7700043,129.08618,154.1000061
2021-04-14,156.2200012,129.51042,155.1399994
2021-04-15,157.3099976,129.82895,154.7799988
2021-04-16,157.5700073,130.21832,154.9900055
2021-04-19,156.4100037,130.49571,153.5399933
2021-04-20,154.1000061,130.11896,152.8099976
2021-04-21,155.1399994,129.33047,153.2599945
2021-04-22,154.7799988,129.42,152.4299927
2021-04-23,154.9900055,129.4246,150.7700043
2021-04-26,153.5399933,129.68286,152.2299957
2021-04-27,152.8099976,129.2804,150.5899963
2021-04-28,153.2599945,128.84761,151.4199982
2021-04-29,152.4299927,128.86858,152.9600067
2021-04-30,150.7700043,128.56967,153.6499939
2021-05-03,152.2299957,128.01355,155.0599976
2021-05-04,150.5899963,128.4546,152.2400055
2021-05-05,151.4199982,128.0179,153.5200043
2021-05-06,152.9600067,128.22023,155.2299957
2021-05-07,153.6499939,128.6554,155.8500061
2021-05-10,155.0599976,128.8941,158.6799927
2021-05-11,152.2400055,129.43414,160.6600037
2021-05-12,153.5200043,128.46342,159.2899933
2021-05-13,155.2299957,128.47952,160.2200012
2021-05-14,155.8500061,128.90802,161.1600037
2021-05-17,158.6799927,129.34666,162.7799988
2021-05-18,160.6600037,130.25084,162.2400055
2021-05-19,159.2899933,130.89876,164.0200043
2021-05-20,160.2200012,130.60678,165.5500031
2021-05-21,161.1600037,130.73843,165.9799957
2021-05-24,162.7799988,130.97069,172.3399963
2021-05-25,162.2400055,131.59279,176.6300049
2021-05-26,164.0200043,131.92885,179.6699982
2021-05-27,165.5500031,132.69994,182.4100037
2021-05-28,165.9799957,133.26395,180.8000031
2021-06-01,172.3399963,133.7771,179.6100006
2021-06-02,176.6300049,135.34511,180.5399933
2021-06-03,179.6699982,136.58536,180.1799927
2021-06-04,182.4100037,137.93565,181.4700012
2021-06-07,180.8000031,138.99702,181.4700012
2021-06-08,179.6100006,138.93724,182.4499969
2021-06-09,180.5399933,138.92413,183.8399963
2021-06-10,180.1799927,139.53488,185.1999969
2021-06-11,181.4700012,139.92015,177.0299988
2021-06-14,181.4700012,140.85208,178.8800049
2021-06-15,182.4499969,141.42892,179.3899994
2021-06-16,183.8399963,141.8505,177.7100067
2021-06-17,185.1999969,142.36378,177.6699982
2021-06-18,177.0299988,142.90938,178.1000061
2021-06-21,178.8800049,139.76953,177.0700073
2021-06-22,179.3899994,140.56958,176.7299957
2021-06-23,177.7100067,140.19356,174.8399963
2021-06-24,177.6699982,140.21771,175.4799957
2021-06-25,178.1000061,140.66579,176.0299988
2021-06-28,177.0700073,140.7426,174.9299927
2021-06-29,176.7299957,140.4278,175.6499939
2021-06-30,174.8399963,140.4293,174.2299957
2021-07-01,175.4799957,139.67523,177.7899933
2021-07-02,176.0299988,139.8226,178.8999939
2021-07-06,174.9299927,140.12433,179.1799927
2021-07-07,175.6499939,139.69229,180.0
2021-07-08,174.2299957,139.914,178.9299927
2021-07-09,177.7899933,139.12213,178.1300049
2021-07-12,178.8999939,140.1685,176.3000031
2021-07-13,179.1799927,140.46725,178.1199951
2021-07-14,180.0,140.90845,179.6799927
2021-07-15,178.9299927,141.20708,177.9900055
2021-07-16,178.1300049,140.77873,179.8500061
2021-07-19,176.3000031,140.39346,179.5
2021-07-20,178.1199951,139.47432,178.4400024
2021-07-21,179.6799927,140.0998,179.8699951
2021-07-22,177.9900055,140.58353,181.4199982
2021-07-23,179.8500061,140.3258,181.4199982
2021-07-26,179.5,140.91943,181.8800049
2021-07-27,178.4400024,140.57425,185.9499969
2021-07-28,179.8699951,140.26962,182.1799927
2021-07-29,181.4199982,140.77133,182.8600006
2021-07-30,181.4199982,141.35103,180.7200012
2021-08-02,181.8800049,141.66193,180.5700073
2021-08-03,185.9499969,142.10226,179.8999939
2021-08-04,182.1799927,143.16118,181.3800049
2021-08-05,182.8600006,141.69106,180.9400024
2021-08-06,180.7200012,142.17169,181.3399963
2021-08-09,180.5700073,140.9724,180.6000061
2021-08-10,179.8999939,141.13507,178.1699982
2021-08-11,181.3800049,140.91676,175.7299957
2021-08-12,180.9400024,141.4923,168.5500031
2021-08-13,181.3399963,141.3169,168.5500031
2021-08-16,180.6000061,141.63043,168.7400055
2021-08-17,178.1699982,141.23996,171.0200043
2021-08-18,175.7299957,140.19853,173.75
2021-08-19,168.5500031,139.33882,171.5899963
2021-08-20,168.5500031,137.14067,173.8800049
2021-08-23,168.7400055,136.71243,172.8600006
2021-08-24,171.0200043,136.1354,174.2299957
2021-08-25,173.75,136.72519,176.2100067
2021-08-26,171.5899963,137.45647,176.2400055
2021-08-27,173.8800049,137.02461,179.2700043
2021-08-30,172.8600006,137.5872,181.6399994
2021-08-31,174.2299957,136.94261,180.0
2021-09-01,176.2100067,137.42921,180.0700073
2021-09-02,176.2400055,138.05406,176.3000031
2021-09-03,179.2700043,138.47517,178.4600067
2021-09-07,181.6399994,139.4407,179.3899994
2021-09-08,180.0,140.09659,181.7100067
2021-09-09,180.0700073,139.63889,181.9400024
2021-09-10,176.3000031,139.66173,180.9499969
2021-09-13,178.4600067,138.43614,176.7100067
2021-09-14,179.3899994,139.09042,181.8999939
2021-09-15,181.7100067,139.48148,181.5899963
2021-09-16,181.9400024,140.4876,182.7899933
2021-09-17,180.9499969,140.81569,182.5700073
2021-09-20,176.7100067,140.72736,186.5200043
2021-09-21,181.8999939,139.19876,184.8500061
2021-09-22,181.5899963,140.4155,185.4499969
2021-09-23,182.7899933,140.36234,177.75
2021-09-24,182.5700073,141.33134,177.6199951
2021-09-27,186.5200043,141.67609,171.8099976
2021-09-28,184.8500061,142.66513,172.1399994
2021-09-29,185.4499969,142.22293,166.9700012
2021-09-30,177.75,142.5977,169.4700012
2021-10-01,177.6199951,140.3472,171.9700012
2021-10-04,171.8099976,140.36,175.1499939
2021-10-05,172.1399994,138.7145,177.1300049
2021-10-06,166.9700012,138.579,175.7700043
2021-10-07,169.4700012,137.16035,175.5099945
2021-10-08,171.9700012,137.4682,176.2700043
2021-10-11,175.1499939,137.5361,178.5500031
2021-10-12,177.1300049,138.20952,178.6699982
2021-10-13,175.7700043,138.6264,177.75
2021-10-14,175.5099945,138.40665,174.0200043
2021-10-15,176.2700043,138.47371,173.3999939
2021-10-18,178.5500031,138.45085,172.2299957
2021-10-19,178.6699982,139.16054,173.1999969
2021-10-20,177.75,139.29031,174.0899963
2021-10-21,174.0200043,139.36626,176.4799957
2021-10-22,173.3999939,138.13864,176.5700073
2021-10-25,172.2299957,137.57152,179.9799957
2021-10-26,173.1999969,136.8106,179.6100006
2021-10-27,174.0899963,137.04126,181.0700073
2021-10-28,176.4799957,137.5011,181.4799957
2021-10-29,176.5700073,138.45699,179.2799988
2021-11-01,179.9799957,138.63437,180.4799957
2021-11-02,179.6100006,139.6418,176.3200073
2021-11-03,181.0700073,139.58571,177.3600006
2021-11-04,181.4799957,140.28275,179.0299988
2021-11-05,179.2799988,140.6894,184.3999939
2021-11-08,180.4799957,140.16946,184.3899994
2021-11-09,176.3200073,140.64264,187.4299927
2021-11-10,177.3600006,139.14929,186.2100067
2021-11-11,179.0299988,139.46918,184.6499939
2021-11-12,184.3999939,139.7264,185.9600067
2021-11-15,184.3899994,141.3112,185.0899963
2021-11-16,187.4299927,141.70924,185.0599976
2021-11-17,186.2100067,142.86151,184.8099976
2021-11-18,184.6499939,142.54352,179.8300018
2021-11-19,185.9600067,142.23207,177.4700012
2021-11-22,185.0899963,142.62582,177.8500061
2021-11-23,185.0599976,142.38394,178.2899933
2021-11-24,184.8099976,142.83621,183.1600037
2021-11-26,179.8300018,142.82085,182.4600067
2021-11-29,177.4700012,141.22968,184.5899963
2021-11-30,177.8500061,140.30003,187.4400024
2021-12-01,178.2899933,139.94188,182.4799957
2021-12-02,183.1600037,139.92865,180.7700043
2021-12-03,182.4600067,141.59988,182.3500061
2021-12-06,184.5899963,141.65565,176.1199951
2021-12-07,187.4400024,142.48593,180.7799988
2021-12-08,182.4799957,143.10858,186.75
2021-12-09,180.7700043,141.77042,187.3399963
2021-12-10,182.3500061,141.39105,184.0399933
2021-12-13,176.1199951,141.5958,181.9499969
2021-12-14,180.7799988,140.12323,182.8200073
2021-12-15,186.75,141.31422,181.3600006
2021-12-16,187.3399963,142.08424,183.7799988
2021-12-17,184.0399933,142.32738,185.8999939
2021-12-20,181.9499969,141.9549,184.75
2021-12-21,182.8200073,141.47752,183.6799927
2021-12-22,181.3600006,141.3293,184.0800018
2021-12-23,183.7799988,141.21172,185.3000031
2021-12-27,185.8999939,141.93396,186.2899933
2021-12-28,184.75,142.44246,199.1900024
2021-12-29,183.6799927,142.5847,196.9499969
2021-12-30,184.0800018,142.154,199.75
2021-12-31,185.3000031,141.98532,200.4400024
2022-01-03,186.2899933,142.1763,200.3500061
2022-01-04,199.1900024,142.65366,201.8999939
2022-01-05,196.9499969,145.20343,206.6100006
2022-01-06,199.75,145.22586,211.3699951
2022-01-07,200.4400024,146.53873,210.6900024
2022-01-10,200.3500061,146.6299,207.4700012
2022-01-11,201.8999939,146.93155,202.4199982
2022-01-12,206.6100006,147.64214,201.4700012
2022-01-13,211.3699951,148.94786,199.7700043
2022-01-14,210.6900024,150.08414,197.6999969
2022-01-18,207.4700012,150.54126,197.0099945
2022-01-19,202.4199982,149.9451,194.1699982
2022-01-20,201.4700012,148.24149,189.9600067
2022-01-21,199.7700043,148.10048,193.1300049
2022-01-24,197.6999969,147.28445,198.4499969
2022-01-25,197.0099945,147.02673,196.4299927
2022-01-26,194.1699982,146.98643,199.6600037
2022-01-27,189.9600067,146.12854,199.5299988
2022-01-28,193.1300049,144.96635,196.8800049
2022-01-31,198.4499969,145.32414,197.2400055
2022-02-01,196.4299927,146.14032,200.3200073
2022-02-02,199.6600037,146.086,201.3699951
2022-02-03,199.5299988,147.43057,194.4100037
2022-02-04,196.8800049,147.49605,192.7100067
2022-02-07,197.2400055,147.10124,188.9700012
2022-02-08,200.3200073,147.15352,189.3999939
2022-02-09,201.3699951,147.6693,190.3000031
2022-02-10,194.4100037,147.97736,186.5399933
2022-02-11,192.7100067,146.69244,188.9700012
2022-02-14,188.9700012,146.24496,185.6399994
2022-02-15,189.3999939,144.6256,183.8399963
2022-02-16,190.3000031,144.46077,182.2299957
2022-02-17,186.5399933,144.2618,185.3800049
2022-02-18,188.9700012,143.68599,182.9499969
2022-02-22,185.6399994,144.1627,181.7100067
2022-02-23,183.8399963,143.25938,179.1499939
2022-02-24,182.2299957,142.74866,176.0899963
2022-02-25,185.3800049,141.94408,170.75
2022-02-28,182.9499969,142.50523,160.1699982
2022-03-01,181.7100067,141.80644,156.3399963
2022-03-02,179.1499939,141.71385,164.0500031
2022-03-03,176.0899963,140.71927,164.4299927
2022-03-04,170.75,139.66872,161.0899963
2022-03-07,160.1699982,138.326,165.9299927
2022-03-08,156.3399963,136.5952,171.8899994
2022-03-09,164.0500031,135.41089,171.7400055
2022-03-10,164.4299927,135.68208,171.7400055
2022-03-14,161.0899963,135.09424,171.8000031
2022-03-15,165.9299927,134.06757,172.8200073
2022-03-16,171.8899994,133.86417,175.7799988
2022-03-17,171.7400055,134.13972,180.2700043
2022-03-18,171.7400055,134.17409,178.4299927
2022-03-21,171.8000031,134.19366,178.4299927
2022-03-22,172.8200073,134.15222,184.8099976
2022-03-23,175.7799988,134.56166,180.6199951
2022-03-24,180.2700043,135.20036,180.25
2022-03-25,178.4299927,135.99245,180.3699951
2022-03-28,178.4299927,135.97182,182.5800018
2022-03-29,184.8099976,136.40025,177.6600037
2022-03-30,180.6199951,137.76918,176.5200043
2022-03-31,180.25,137.4739,174.4900055
2022-04-01,180.3699951,137.99869,170.7799988
2022-04-04,182.5800018,138.2871,169.6399994
2022-04-05,177.6600037,139.24026,165.7299957
2022-04-06,176.5200043,138.60101,168.4400024
2022-04-07,174.4900055,138.45325,167.2599945
2022-04-08,170.7799988,137.69055,170.2700043
2022-04-11,169.6399994,137.06981,171.4499969
2022-04-12,165.7299957,136.7806,175.4499969
2022-04-13,168.4400024,135.71068,173.6699982
2022-04-14,167.2599945,136.23203,169.5299988
2022-04-18,170.2700043,135.73991,172.1600037
2022-04-19,171.4499969,136.3502,166.8200073
2022-04-20,175.4499969,136.33076,168.0399933
2022-04-21,173.6699982,137.34138,172.9700012
2022-04-22,169.5299988,137.03903,171.0
2022-04-25,172.1600037,136.3262,170.6900024
2022-04-26,166.8200073,136.66263,172.0599976
2022-04-27,168.0399933,135.33241,174.8500061
2022-04-28,172.9700012,135.66228,169.9299927
2022-04-29,171.0,136.30615,173.3000031
2022-05-02,170.6900024,136.05553,168.4700012
2022-05-03,172.0599976,135.94954,166.4499969
2022-05-04,174.8500061,136.06161,157.0599976
2022-05-05,169.9299927,136.51567,158.5399933
2022-05-06,173.3000031,135.81186,161.3300018
2022-05-09,168.4700012,136.85289,159.2100067
2022-05-10,166.4499969,135.6683,159.9799957
2022-05-11,157.0599976,135.49529,155.4799957
2022-05-12,158.5399933,133.72206,155.8899994
2022-05-13,161.3300018,133.21248,158.6600037
2022-05-16,159.2100067,133.3067,161.3500061
2022-05-17,159.9799957,132.90349,160.6000061
2022-05-18,155.4799957,132.69415,161.0299988
2022-05-19,155.8899994,131.63283,165.5299988
2022-05-20,158.6600037,131.07202,166.8300018
2022-05-23,161.3500061,130.98091,166.3699951
2022-05-24,160.6000061,131.39778,168.6999969
2022-05-25,161.0299988,131.32729,170.2400055
2022-05-26,165.5299988,131.46884,164.8099976
2022-05-27,166.8300018,132.01448,165.5800018
2022-05-31,166.3699951,132.17589,166.25
2022-06-01,168.6999969,132.26723,166.25
2022-06-02,170.2400055,132.6938,164.5099945
2022-06-03,164.8099976,133.39684,161.3000031
2022-06-06,165.5800018,132.70891,155.5
2022-06-07,166.25,132.67781,155.1600037
2022-06-08,166.25,132.68684,156.75
2022-06-09,164.5099945,132.9836,154.4600067
2022-06-10,161.3000031,132.96732,153.9499969
2022-06-13,155.5,132.29564,159.0899963
2022-06-14,155.1600037,131.11151,159.1399994
2022-06-15,156.75,130.72699,157.5200043
2022-06-16,154.4600067,130.86346,159.0800018
2022-06-17,153.9499969,130.5042,156.5299988
2022-06-21,159.0899963,130.31314,157.1100006
2022-06-22,159.1399994,130.99696,155.6699982
2022-06-23,157.5200043,130.95395,154.1699982
2022-06-24,159.0800018,130.57712,155.4700012
2022-06-27,156.5299988,130.59967,154.6699982
2022-06-28,157.1100006,130.09283,152.8300018
2022-06-29,155.6699982,130.26001,157.1499939
2022-06-30,154.1699982,129.84778,156.7599945
2022-07-01,155.4700012,129.26189,155.1699982
2022-07-05,154.6699982,129.35966,155.4299927
2022-07-06,152.8300018,129.08408,155.4400024
2022-07-07,157.1499939,128.48772,153.1399994
2022-07-08,156.7599945,129.32996,156.6999969
2022-07-11,155.1699982,129.40332,156.75
2022-07-12,155.4299927,129.19307,160.4199982
2022-07-13,155.4400024,129.16827,157.8999939
2022-07-14,153.1399994,128.95949,159.1799927
2022-07-15,156.6999969,128.5002,160.3000031
2022-07-18,156.75,129.4135,159.4199982
2022-07-19,160.4199982,129.50156,158.0599976
2022-07-20,157.8999939,130.51079,160.0500031
2022-07-21,159.1799927,130.12254,159.5099945
2022-07-22,160.3000031,130.1488,162.5899963
2022-07-25,159.4199982,130.4039,166.7700043
2022-07-26,158.0599976,130.43333,163.6600037
2022-07-27,160.0500031,130.30528,163.1300049
2022-07-28,159.5099945,130.82118,156.6600037
2022-07-29,162.5899963,130.88416,157.3099976
2022-08-01,166.7700043,131.60655,156.1999969
2022-08-02,163.6600037,132.54926,152.9400024
2022-08-03,163.1300049,132.05202,157.8899994
2022-08-04,156.6600037,132.04384,158.6000061
2022-08-05,157.3099976,130.58183,161.3099976
2022-08-08,156.1999969,130.52768,160.4600067
2022-08-09,152.9400024,130.43987,159.4199982
2022-08-10,157.8899994,130.02458,160.7700043
2022-08-11,158.6000061,130.93317,159.1300049
2022-08-12,161.3099976,131.14752,156.4600067
2022-08-15,160.4600067,131.61955,154.3200073
2022-08-16,159.4199982,131.40549,153.4799957
2022-08-17,160.7700043,131.20602,154.5
2022-08-18,159.1300049,131.44156,156.0
2022-08-19,156.4600067,131.40483,151.7700043
2022-08-22,154.3200073,130.87492,151.7700043
2022-08-23,153.4799957,130.22844,150.1699982
2022-08-24,154.5,129.82822,149.3699951
2022-08-25,156.0,129.72046,146.8000031
2022-08-26,151.7700043,130.04605,145.5599976
2022-08-29,151.7700043,129.1181,143.9400024
2022-08-30,150.1699982,128.79979,143.3399963
2022-08-31,149.3699951,128.19226,144.1300049
2022-09-01,146.8000031,127.7165,145.5899963
2022-09-02,145.5599976,127.00655,145.0399933
2022-09-06,143.9400024,126.401955,140.2299957
2022-09-07,143.3399963,125.67793,141.4700012
2022-09-08,144.1300049,125.04042,140.4499969
2022-09-09,145.5899963,124.700905,140.7400055
2022-09-12,145.0399933,124.76103,141.4499969
2022-09-13,140.2299957,124.49509,140.7299957
2022-09-14,141.4700012,123.089615,137.5800018
2022-09-15,140.4499969,122.82682,139.0500031
2022-09-16,140.7400055,122.14599,137.2799988
2022-09-19,141.4499969,121.95286,135.6199951
2022-09-20,140.7299957,121.975204,135.7400055
2022-09-21,137.5800018,121.507904,136.8899994
2022-09-22,139.0500031,120.3427,133.7599945
2022-09-23,137.2799988,120.287506,130.2899933
2022-09-26,135.6199951,119.47118,135.5899963
2022-09-27,135.7400055,118.79115,139.8500061
2022-09-28,136.8899994,118.600136,138.0899963
2022-09-29,133.7599945,118.78606,136.1699982
2022-09-30,130.2899933,117.84277,135.8500061
2022-10-03,135.5899963,116.45201,134.8600006
2022-10-04,139.8500061,117.87304,135.0599976
2022-10-05,138.0899963,119.389015,135.0
2022-10-06,136.1699982,119.414734,136.3800049
2022-10-07,135.8500061,118.51715,134.1100006
2022-10-10,134.8600006,117.833626,136.1600037
2022-10-11,135.0599976,117.35927,134.2599945
2022-10-12,135.0,117.39402,132.9700012
2022-10-13,136.3800049,117.39385,133.2400055
2022-10-14,134.1100006,118.06345,133.7599945
2022-10-17,136.1600037,117.60323,134.7400055
2022-10-18,134.2599945,117.91854,137.0700073
2022-10-19,132.9700012,117.028366,137.9299927
2022-10-20,133.2400055,116.5094,136.4700012
2022-10-21,133.7599945,116.66645,139.5200043
2022-10-24,134.7400055,117.01372,138.8099976
2022-10-25,137.0700073,117.594864,135.1600037
2022-10-26,137.9299927,118.53814,135.3899994
2022-10-27,136.4700012,118.97519,135.25
2022-10-28,139.5200043,118.39984,137.3500061
2022-10-31,138.8099976,119.43613,137.2599945
2022-11-01,135.1600037,119.35319,137.5
2022-11-02,135.3899994,118.34188,134.5299988
2022-11-03,135.25,118.312126,140.5200043
2022-11-04,137.3500061,118.18997,143.2599945
2022-11-07,137.2599945,119.22932,142.1199951
2022-11-08,137.5,119.46958,143.75
2022-11-09,134.5299988,119.50542,142.1199951
2022-11-10,140.5200043,118.2667,142.9299927
2022-11-11,143.2599945,120.19464,143.1900024
2022-11-14,142.1199951,121.39934,142.1600037
2022-11-15,143.75,121.693,145.3300018
2022-11-16,142.1199951,122.37673,146.7100067
2022-11-17,142.9299927,121.793,148.2700043
2022-11-18,143.1900024,122.11796,146.5099945
2022-11-21,142.1600037,122.33522,145.3999939
2022-11-22,145.3300018,122.23977,147.6900024
2022-11-23,146.7100067,123.41623,147.6600037
2022-11-25,148.2700043,124.30693,146.5299988
2022-11-28,146.5099945,124.856346,141.0899963
2022-11-29,145.3999939,124.347946,141.8600006
2022-11-30,147.6900024,123.96627,142.2799988
2022-12-01,147.6600037,124.63224,143.3399963
2022-12-02,146.5299988,125.28709,144.1199951
2022-12-06,141.0899963,125.28807,144.5
2022-12-07,141.8600006,123.54752,144.6499939
2022-12-08,142.2799988,123.42067,141.6600037
2022-12-09,143.3399963,123.44298,140.4299927
2022-12-12,144.1199951,124.0752,139.6100006
2022-12-13,144.5,124.57031,138.8300018
2022-12-14,144.6499939,124.844185,137.4600067
2022-12-15,141.6600037,124.96576,137.0
2022-12-16,140.4299927,123.725716,137.1399994
2022-12-19,139.6100006,122.92304,136.1600037
2022-12-20,138.8300018,122.42502,134.1300049
2022-12-21,137.4600067,122.35711,137.4100037
2022-12-22,137.0,121.84778,136.5800018
2022-12-23,137.1399994,121.28386,138.2799988
2022-12-27,136.1600037,120.84002,137.1900024
2022-12-28,134.1300049,120.12631,135.5200043
2022-12-29,137.4100037,119.12745,138.9700012
2022-12-30,136.5800018,120.30658,139.9400024
2023-01-03,138.2799988,120.22088,139.1399994
2023-01-04,137.1900024,120.84151,138.8500061
2023-01-05,135.5200043,120.209,142.3600006
2023-01-06,138.9700012,119.148766,140.3000031
2023-01-09,139.9400024,120.20778,144.7700043
2023-01-10,139.1399994,120.70961,145.5099945
2023-01-11,138.8500061,120.640884,144.1799927
2023-01-12,142.3600006,120.43827,146.1100006
2023-01-13,140.3000031,121.51482,146.0299988
2023-01-17,144.7700043,120.91456,146.0099945
2023-01-18,145.5099945,122.296295,146.1499939
2023-01-19,144.1799927,122.74236,145.4700012
2023-01-20,146.1100006,122.63329,147.1600037
2023-01-23,146.0299988,123.39846,145.1799927
2023-01-24,146.0099945,123.41783,147.1100006
2023-01-25,146.1499939,123.73789,148.5800018
2023-01-26,145.4700012,124.10061,146.6199951
2023-01-27,147.1600037,124.09204,144.7100067
2023-01-30,145.1799927,124.7279,143.7899933
2023-01-31,147.1100006,124.28607,144.6399994
2023-02-01,148.5800018,124.79524,143.8300018
2023-02-02,146.6199951,125.48567,144.8300018
2023-02-03,144.7100067,125.19658,143.4199982
2023-02-06,143.7899933,124.53359,143.8600006
2023-02-07,144.6399994,124.10526,142.6499939
2023-02-08,143.8300018,124.42808,140.9700012
2023-02-09,144.8300018,124.47696,142.6999969
2023-02-10,143.4199982,124.99633,142.8500061
2023-02-13,143.8600006,124.48008,139.1799927
2023-02-14,142.6499939,124.54956,138.6499939
2023-02-15,140.9700012,123.95956,138.9499969
2023-02-16,142.6999969,123.15541,136.0500031
2023-02-17,142.8500061,123.75139,136.25
2023-02-21,139.1799927,123.94876,135.9199982
2023-02-22,138.6499939,122.80287,136.5299988
2023-02-23,138.9499969,122.08034,137.2700043
2023-02-24,136.0500031,121.71025,139.8300018
2023-02-27,136.25,120.64525,140.1300049
2023-02-28,135.9199982,120.45877,139.0800018
2023-03-01,136.5299988,119.99345,139.7100067
2023-03-02,137.2700043,120.04643,138.5200043
2023-03-03,139.8300018,120.3133,137.9700012
2023-03-06,140.1300049,121.232765,137.1199951
2023-03-07,139.0800018,121.38093,136.6699982
2023-03-08,139.7100067,120.93059,133.5800018
2023-03-09,138.5200043,120.88458,135.8999939
2023-03-10,137.9700012,120.19834,133.4799957
2023-03-13,137.1199951,119.963905,135.1300049
2023-03-14,136.6699982,119.4804,135.7799988
2023-03-15,133.5800018,119.175224,135.5700073
2023-03-16,135.8999939,117.871216,135.8699951
2023-03-17,133.4799957,118.773155,136.6499939
2023-03-20,135.1300049,117.94346,136.6499939
2023-03-21,135.7799988,118.56856,137.9299927
2023-03-22,135.5700073,118.87256,139.6699982
2023-03-23,135.8699951,118.66422,139.6199951
2023-03-24,136.6499939,118.75762,141.6900024
2023-03-27,136.6499939,118.95939,142.3399963
2023-03-28,137.9299927,118.995605,142.1399994
2023-03-29,139.6699982,119.68321,140.4199982
2023-03-30,139.6199951,120.69442,138.8699951
2023-03-31,141.6900024,120.768074,138.0099945
2023-04-03,142.3399963,121.68895,137.5899963
2023-04-04,142.1399994,121.947845,136.4400024
2023-04-05,140.4199982,121.94492,137.2299957
2023-04-06,138.8699951,121.08631,135.9600067
2023-04-10,138.0099945,120.12364,137.75
2023-04-11,137.5899963,119.71468,137.0399933
2023-04-12,136.4400024,119.75072,135.2599945
2023-04-13,137.2299957,119.43657,133.8000031
2023-04-14,135.9600067,119.85677,134.6699982
2023-04-17,137.75,119.37062,134.8399963
2023-04-18,137.0399933,120.17231,133.5099945
2023-04-19,135.2599945,119.97528,134.0200043
2023-04-20,133.8000031,119.14628,137.5200043
2023-04-21,134.6699982,118.30721,137.3300018
2023-04-24,134.8399963,118.57547,136.6900024
2023-04-25,133.5099945,118.73761,135.1600037
2023-04-26,134.0200043,118.16756,135.5700073
2023-04-27,137.5200043,118.12713,134.9100037
2023-04-28,137.3300018,119.66753,137.5399933
2023-05-01,136.6900024,119.911,137.8099976
2023-05-02,135.1600037,119.518265,140.8500061
2023-05-03,135.5700073,118.417305,143.5899963
2023-05-04,134.9100037,118.32701,142.6699982
2023-05-05,137.5399933,118.19195,143.2700043
2023-05-08,137.8099976,119.61281,142.3999939
2023-05-09,140.8500061,120.02115,141.1300049
2023-05-10,143.5899963,121.32147,142.0200043
2023-05-11,142.6699982,122.32171,142.5099945
2023-05-12,143.2700043,121.93768,142.2200012
2023-05-15,142.3999939,122.07741,141.1900024
2023-05-16,141.1300049,121.744225,139.5500031
2023-05-17,142.0200043,121.47355,139.3300018
2023-05-18,142.5099945,122.08008,139.6000061
2023-05-19,142.2200012,122.59075,140.0800018
2023-05-22,141.1900024,122.71811,137.7299957
2023-05-23,139.5500031,122.32425,136.1300049
2023-05-24,139.3300018,121.326004,140.6499939
2023-05-25,139.6000061,121.057686,146.0
2023-05-26,140.0800018,121.4536,145.7299957
2023-05-30,137.7299957,122.02733,148.4799957
2023-05-31,136.1300049,121.19683,145.3099976
2023-06-01,140.6499939,120.27957,146.8600006
2023-06-02,146.0,121.884544,148.6399994
2023-06-05,145.7299957,123.81656,149.5899963
2023-06-06,148.4799957,124.46718,158.0800018
2023-06-07,145.3099976,125.15617,165.5700073
2023-06-08,146.8600006,123.94544,168.1799927
2023-06-09,148.6399994,124.13045,164.3500061
2023-06-12,149.5899963,124.73039,157.1499939
2023-06-13,158.0800018,125.43059,156.5
2023-06-14,165.5700073,127.43335,157.1100006
2023-06-15,168.1799927,129.01904,153.3800049
2023-06-16,164.3500061,129.82823,154.5500031
2023-06-20,157.1499939,129.14899,157.1799927
2023-06-21,156.5,127.6038,160.1100006
2023-06-22,157.1100006,127.63007,160.3999939
2023-06-23,153.3800049,128.60237,160.75
2023-06-26,154.5500031,128.7292,160.4700012
2023-06-27,157.1799927,129.28,161.8999939
2023-06-28,160.1100006,129.84885,160.8300018
2023-06-29,160.3999939,130.20714,161.7700043
2023-06-30,160.75,130.41876,160.2400055
2023-07-03,160.4700012,130.7009,158.4199982
2023-07-05,161.8999939,131.14111,159.2700043
2023-07-06,160.8300018,132.01196,160.3500061
2023-07-07,161.7700043,132.1263,159.1499939
2023-07-10,160.2400055,132.47124,159.4499969
2023-07-11,158.4199982,132.038,163.1900024
2023-07-12,159.2700043,131.54361,163.9700012
2023-07-13,160.3500061,131.63332,163.2799988
2023-07-14,159.1499939,131.86243,162.8099976
2023-07-17,159.4499969,131.81561,164.5299988
2023-07-18,163.1900024,132.02054,165.5599976
2023-07-19,163.9700012,132.90407,165.6999969
2023-07-20,163.2799988,133.30058,165.4299927
2023-07-21,162.8099976,133.41269,167.1499939
2023-07-24,164.5299988,133.21683,168.2400055
2023-07-25,165.5599976,133.67282,171.8399963
2023-07-26,165.6999969,134.20737,173.8500061
2023-07-27,165.4299927,134.60182,168.5700073
2023-07-28,167.1499939,134.67815,170.7899933
2023-07-31,168.2400055,135.29848,173.3899994
2023-08-01,171.8399963,135.7714,170.2899933
2023-08-02,173.8500061,136.81013,167.2299957
2023-08-03,168.5700073,137.59457,167.6600037
2023-08-04,170.7899933,135.61835,167.2799988
2023-08-07,173.3899994,136.22621,166.6999969
2023-08-08,170.2899933,136.55994,165.3899994
2023-08-09,167.2299957,136.07892,162.2400055
2023-08-10,167.6600037,135.57999,162.2799988
2023-08-11,167.2799988,135.51888,161.8699951
2023-08-14,166.6999969,135.30006,162.7899933
2023-08-15,165.3899994,135.36766,164.9900055
2023-08-16,162.2400055,134.90956,165.9100037
2023-08-17,162.2799988,133.77612,162.7799988
2023-08-18,161.8699951,133.71146,164.4600067
2023-08-21,162.7899933,133.40732,167.25
2023-08-22,164.9900055,133.54753,167.3899994
2023-08-23,165.9100037,134.16252,168.0500031
2023-08-24,162.7799988,134.61072,172.1300049
2023-08-25,164.4600067,133.71591,172.5399933
2023-08-28,167.25,133.88654,175.3699951
2023-08-29,167.3899994,134.31052,178.8300018
2023-08-30,168.0500031,134.68813,178.8699951
2023-08-31,172.1300049,135.3395,177.1300049
2023-09-01,172.5399933,136.40201,178.6699982
2023-09-05,175.3699951,136.72475,181.2799988
2023-09-06,178.8300018,137.6481,183.9799957
2023-09-07,178.8699951,138.48448,187.9799957
2023-09-08,177.1300049,138.9423,189.1999969
2023-09-11,178.6699982,138.83614,188.9600067
2023-09-12,181.2799988,139.3374,195.0399933
2023-09-13,183.9799957,139.97322,188.75
2023-09-14,187.9799957,141.01848,186.3000031
2023-09-15,189.1999969,142.21642,187.1000061
2023-09-18,188.9600067,142.85825,184.8399963
2023-09-19,195.0399933,143.32675,180.5
2023-09-20,188.75,144.45299,182.3899994
2023-09-21,186.3000031,142.62376,182.4199982
2023-09-22,187.1000061,142.4486,179.75
2023-09-25,184.8399963,142.54253,178.4600067
2023-09-26,180.5,142.2257,173.6499939
2023-09-27,182.3899994,141.44891,169.4499969
2023-09-28,182.4199982,141.83713,173.0399933
2023-09-29,179.75,141.56229,173.1799927
2023-10-02,178.4600067,141.19827,174.1199951
2023-10-03,173.6499939,141.00137,177.1499939
2023-10-04,169.4499969,139.62248,178.0299988
2023-10-05,173.0399933,138.73569,181.6000061
2023-10-06,173.1799927,139.12666,177.6799927
2023-10-09,174.1199951,138.72615,179.1000061
2023-10-10,177.1499939,138.99408,178.2200012
2023-10-11,178.0299988,139.53622,175.9799957
2023-10-12,181.6000061,139.65166,174.6999969
2023-10-13,177.6799927,140.4593,173.4799957
2023-10-16,179.1000061,139.6206,173.8099976
2023-10-17,178.2200012,139.94513,174.1199951
2023-10-18,175.9799957,139.67639,175.1799927
2023-10-19,174.6999969,139.32628,171.6100006
2023-10-20,173.4799957,138.69705,172.8099976
2023-10-23,173.8099976,138.17195,171.3999939
2023-10-24,174.1199951,137.91609,175.1799927
2023-10-25,175.1799927,137.8729,185.7799988
2023-10-26,171.6100006,138.20541,186.5500031
2023-10-27,172.8099976,137.16525,189.5899963
2023-10-30,171.3999939,137.54376,189.6499939
2023-10-31,175.1799927,136.8082,189.5700073
2023-11-01,185.7799988,137.93506,183.4199982
2023-11-02,186.5500031,140.18347,184.2200012
2023-11-03,189.5899963,141.0376,187.0
2023-11-06,189.6499939,142.27977,187.7400055
2023-11-07,189.5700073,142.50356,192.0800018
2023-11-08,183.4199982,142.70091,189.1100006
2023-11-09,184.2200012,141.21303,190.3999939
2023-11-10,187.0,141.74182,193.3600006
2023-11-13,187.7400055,142.12067,187.6799927
2023-11-14,192.0800018,142.81375,183.2100067
2023-11-15,189.1100006,143.83582,184.2299957
2023-11-16,190.3999939,143.0277,188.3000031
2023-11-17,193.3600006,143.52716,186.6100006
2023-11-20,187.6799927,143.95514,187.1600037
2023-11-21,183.2100067,143.04735,189.5099945
2023-11-22,184.2299957,142.47752,189.7799988
2023-11-24,188.3000031,142.64572,192.7400055
2023-11-27,186.6100006,143.17511,187.3699951
2023-11-28,187.1600037,142.96321,187.9900055
2023-11-29,189.5099945,143.33766,189.8899994
2023-11-30,189.7799988,143.62314,190.2400055
2023-12-01,192.7400055,143.98096,187.2799988
2023-12-04,187.3699951,144.72533,187.0800018
2023-12-05,187.9900055,143.66466,184.8000031
2023-12-06,189.8899994,144.13295,185.4799957
2023-12-07,190.2400055,144.28131,183.4199982
2023-12-08,187.2799988,144.439,180.6199951
2023-12-11,187.0800018,143.6984,183.2799988
2023-12-12,184.8000031,143.70969,183.9499969
2023-12-13,185.4799957,142.85735,179.9400024
2023-12-14,183.4199982,142.97882,180.8600006
2023-12-15,180.6199951,142.33282,178.5299988
2023-12-18,183.2799988,141.60815,179.8500061
2023-12-19,183.9499969,142.19775,179.8500061
2023-12-20,179.9400024,142.10907,181.1100006
2023-12-21,180.8600006,141.24911,183.3800049
2023-12-22,178.5299988,141.31897,181.3699951
2023-12-26,179.8500061,140.43126,181.5500031
2023-12-27,179.8500061,140.65404,182.9700012
2023-12-28,181.1100006,140.48303,187.0700073
2023-12-29,183.3800049,140.77562,187.8899994
2024-01-02,181.3699951,141.33015,185.9900055
2024-01-03,181.5500031,140.95676,192.7200012
2024-01-04,182.9700012,140.86147,194.9499969
2024-01-05,187.0700073,141.02078,195.6799927
2024-01-08,187.8899994,142.15865,195.6000061
2024-01-09,185.9900055,142.62111,194.1399994
2024-01-10,192.7200012,142.5833,200.0800018
2024-01-11,194.9499969,143.934,200.6699982
2024-01-12,195.6799927,144.3706,201.4199982
2024-01-16,195.6000061,145.15544,201.3999939
2024-01-17,194.1399994,145.56625,200.7200012
2024-01-18,200.0800018,145.40524,199.5599976
2024-01-19,200.6699982,146.83876,198.0599976
2024-01-22,201.4199982,147.26035,201.6600037
2024-01-23,201.3999939,147.90442,201.8500061
2024-01-24,200.7200012,148.31102,199.6999969
2024-01-25,199.5599976,148.4276,202.1799927
2024-01-26,198.0599976,147.93523,202.5399933
2024-01-29,201.6600037,147.49033,203.0299988
2024-01-30,201.8500061,148.373,218.8600006
2024-01-31,199.6999969,148.58441,223.0500031
2024-02-01,202.1799927,148.31612,226.3099976
2024-02-02,202.5399933,148.96648,224.4600067
2024-02-05,203.0299988,148.9507,225.8600006
2024-02-06,218.8600006,149.29112,231.0
2024-02-07,223.0500031,151.90523,227.0299988
2024-02-08,226.3099976,152.86362,228.5399933
2024-02-09,224.4600067,154.12828,227.3600006
2024-02-12,225.8600006,154.27678,226.7700043
2024-02-13,231.0,154.8422,227.0899963
2024-02-14,227.0299988,155.30704,234.4499969
2024-02-15,228.5399933,154.53839,235.0
2024-02-16,227.3600006,154.91476,238.1300049
2024-02-20,226.7700043,154.58574,238.0399933
2024-02-21,227.0899963,154.56879,237.2899933
2024-02-22,234.4499969,154.1389,240.5500031
2024-02-23,235.0,155.18834,246.0399933
2024-02-26,238.1300049,155.14641,243.8399963
2024-02-27,238.0399933,156.01178,248.1900024
2024-02-28,237.2899933,156.31007,252.3999939
2024-02-29,240.5500031,156.36926,247.9400024
2024-03-01,246.0399933,156.89789,242.8200073
2024-03-04,243.8399963,157.3747,235.4600067
2024-03-05,248.1900024,156.92154,237.9499969
2024-03-06,252.3999939,157.67961,232.8300018
2024-03-07,247.9400024,158.01323,230.9700012
2024-03-08,242.8200073,156.93365,234.6199951
2024-03-11,235.4600067,156.0988,238.6600037
2024-03-12,237.9499969,154.6546,244.3200073
2024-03-13,232.8300018,154.78886,246.7200012
2024-03-14,230.9700012,153.2374,251.4799957
2024-03-15,234.6199951,153.00294,254.7700043
2024-03-18,238.6600037,153.22015,252.4100037
2024-03-19,244.3200073,153.85344,253.7200012
2024-03-20,246.7200012,154.44876,252.1499939
2024-03-21,251.4799957,155.1175,252.1499939
2024-03-22,254.7700043,156.17809,242.1499939
2024-03-25,252.4100037,156.87415,239.8899994
2024-03-26,253.7200012,157.01187,241.7799988
2024-03-27,252.1499939,157.32132,239.1600037
2024-03-28,252.1499939,157.16232,240.7400055
2024-04-01,242.1499939,157.14478,244.2100067
2024-04-02,239.8899994,155.19386,246.9299927
2024-04-03,241.7799988,155.13037,244.7899933
2024-04-04,239.1600037,154.67137,246.9900055
2024-04-05,240.7400055,153.99586,242.9700012
2024-04-08,244.2100067,154.01712,241.6699982
2024-04-09,246.9299927,154.5594,236.5200043
2024-04-10,244.7899933,155.05534,233.9700012
2024-04-11,246.9900055,154.89072,231.8399963
2024-04-12,242.9700012,155.64574,228.7200012
2024-04-15,241.6699982,154.98877,230.3000031
2024-04-16,236.5200043,155.19356,230.4100037
2024-04-17,233.9700012,154.20952,232.8800049
2024-04-18,231.8399963,153.90926,225.3600006
2024-04-19,228.7200012,153.29433,226.7100067
2024-04-22,230.3000031,152.65985,227.9400024
2024-04-23,230.4100037,152.67339,227.3099976
2024-04-24,232.8800049,152.45328,226.8300018
2024-04-25,225.3600006,152.97588,230.8000031
2024-04-26,226.7100067,151.85164,232.8699951
2024-04-29,227.9400024,152.57494,235.6000061
2024-04-30,227.3099976,152.42734,231.2599945
2024-05-01,226.8300018,152.41464,231.7799988
2024-05-02,230.8000031,152.26332,227.2400055
2024-05-03,232.8699951,153.22968,218.7799988
2024-05-06,235.6000061,153.53223,215.6399994
2024-05-07,231.2599945,154.22336,217.1199951
2024-05-08,231.7799988,153.7388,219.5500031
2024-05-09,227.2400055,154.12569,215.6300049
2024-05-10,218.7799988,153.34692,219.7599945
2024-05-13,215.6399994,152.06166,219.7599945
2024-05-14,217.1199951,151.31735,219.3600006
2024-05-15,219.5500031,151.11919,216.6300049
2024-05-16,215.6300049,151.03201,214.7200012
2024-05-17,219.7599945,150.27124,216.8399963
2024-05-20,219.7599945,151.21771,218.7200012
2024-05-21,219.3600006,150.945,213.9499969
2024-05-22,216.6300049,151.1628,214.1699982
2024-05-23,214.7200012,150.6662,217.5099945
2024-05-24,216.8399963,150.5498,212.1699982
2024-05-28,218.7200012,150.91913,210.3800049
2024-05-29,213.9499969,151.13695,208.3300018
2024-05-30,214.1699982,150.33498,210.0399933
2024-05-31,217.5099945,150.36034,206.3600006
2024-06-03,212.1699982,150.91231,208.0200043
2024-06-04,210.3800049,149.74951,205.3099976
2024-06-05,208.3300018,149.66048,205.6499939
2024-06-06,210.0399933,149.0425,199.3500061
2024-06-07,206.3600006,149.24388,197.1300049
2024-06-10,208.0200043,148.36513,195.1999969
2024-06-11,205.3099976,148.74634,194.1399994
2024-06-12,205.6499939,147.87283,194.5399933
2024-06-13,199.3500061,148.02007,193.5800018
2024-06-14,197.1300049,146.65927,198.9799957
2024-06-17,195.1999969,146.12245,206.2200012
2024-06-18,194.1399994,145.24655,203.1799927
2024-06-20,194.5399933,144.567,203.8800049
2024-06-21,193.5800018,144.21735,204.9700012
2024-06-24,198.9799957,143.70834,203.7100067
2024-06-25,206.2200012,144.75966,206.2100067
2024-06-26,203.1799927,146.11041,206.25
2024-06-27,203.8800049,146.26959,206.4499969
2024-06-28,204.9700012,146.8928,204.9400024
2024-07-01,203.7100067,147.27055,201.6699982
2024-07-02,206.2100067,147.14584,205.8800049
2024-07-03,206.25,147.95894,203.7299957
2024-07-05,206.4499969,148.13263,207.5899963
2024-07-08,204.9400024,148.37184,206.9100037
2024-07-09,201.6699982,148.17804,206.6000061
2024-07-10,205.8800049,147.28493,204.3899994
2024-07-11,203.7299957,148.09116,199.8500061
2024-07-12,207.5899963,147.56685,197.1499939
2024-07-15,206.9100037,148.82573,200.1399994
2024-07-16,206.6000061,148.75966,200.7899933
2024-07-17,204.3899994,149.11223,197.1999969
2024-07-18,199.8500061,148.38297,195.25
2024-07-19,197.1499939,147.43062,192.5200043
2024-07-22,200.1399994,146.56557,192.4799957
2024-07-23,200.7899933,147.08214,193.1100006
2024-07-24,197.1999969,147.08864,193.5500031
2024-07-25,195.25,146.40242,179.0700073
2024-07-26,192.5200043,146.0745,173.0200043
2024-07-29,192.4799957,144.97554,168.3500061
2024-07-30,193.1100006,144.6235,169.6000061
2024-07-31,193.5500031,144.44421,167.1799927
2024-08-01,179.0700073,144.41766,169.3699951
2024-08-02,173.0200043,142.35071,168.5899963
2024-08-05,168.3500061,141.28508,167.9700012
2024-08-06,169.6000061,139.29887,172.3899994
2024-08-07,167.1799927,138.4561,177.0099945
2024-08-08,169.3699951,137.45465,181.7899933
2024-08-09,168.5899963,137.12538,182.6699982
2024-08-12,167.9700012,136.33136,183.6999969
2024-08-13,172.3899994,135.51778,181.3399963
2024-08-14,177.0099945,135.44801,183.6199951
2024-08-15,181.7899933,135.83289,181.5
2024-08-16,182.6699982,136.83112,185.0899963
2024-08-19,183.6999969,137.35825,180.5700073
2024-08-20,181.3399963,137.93683,185.75
2024-08-21,183.6199951,137.37126,185.75
2024-08-22,181.5,137.81749,187.7700043
2024-08-23,185.0899963,137.56293,189.8000031
2024-08-26,180.5700073,138.85017,186.1499939
2024-08-27,185.75,138.40405,184.7100067
2024-08-28,185.75,139.59041,182.8000031
2024-08-29,187.7700043,139.65514,177.1799927
2024-08-30,189.8000031,140.3721,176.0800018
2024-09-03,186.1499939,141.14536,174.1799927
2024-09-04,184.7100067,140.95825,174.6900024
2024-09-05,182.8000031,141.12361,176.1799927
2024-09-06,177.1799927,140.71936,175.3899994
2024-09-09,176.0800018,139.74675,176.2299957
2024-09-10,174.1799927,139.31003,173.1499939
2024-09-11,174.6900024,138.85341,176.7100067
2024-09-12,176.1799927,138.5911,183.4700012
2024-09-13,175.3899994,138.78023,184.0700073
2024-09-16,176.2299957,138.45605,184.0700073
2024-09-17,173.1499939,138.4891,183.5299988
2024-09-18,176.7100067,137.81659,184.1600037
2024-09-19,183.4700012,138.50603,189.3600006
2024-09-20,184.0700073,139.82318,182.8200073
2024-09-23,184.0700073,140.47203,178.5700073
2024-09-24,183.5299988,140.87808,178.0599976
2024-09-25,184.1600037,140.84828,180.5
2024-09-26,189.3600006,140.89024,176.1699982
2024-09-27,182.8200073,141.98055,180.0200043
2024-09-30,178.5700073,140.84848,177.3200073
2024-10-01,178.0599976,140.2324,175.7599945
2024-10-02,180.5,139.83743,173.9900055
2024-10-03,176.1699982,140.05385,174.3500061
2024-10-04,180.0200043,139.0945,174.0599976
2024-10-07,177.3200073,140.06178,174.0599976
2024-10-08,175.7599945,139.35654,169.5500031
2024-10-09,173.9900055,139.27505,171.5
2024-10-10,174.3500061,138.65756,171.1999969
2024-10-11,174.0599976,138.30646,171.5299988
2024-10-14,174.0599976,138.15619,169.1699982
2024-10-15,169.5500031,138.19609,169.9299927
2024-10-16,171.5,137.05898,171.3300018
2024-10-17,171.1999969,137.1365,170.4299927
2024-10-18,171.5299988,136.54123,172.0
2024-10-21,169.1699982,136.32597,176.6300049
2024-10-22,169.9299927,135.75995,176.0299988
2024-10-23,171.3300018,135.71199,175.2100067
2024-10-24,170.4299927,135.82977,173.0200043
2024-10-25,172.0,135.64526,172.8300018
2024-10-28,176.6300049,135.96346,172.6999969
2024-10-29,176.0299988,137.16814,174.7299957
2024-10-30,175.2100067,137.47922,175.1499939
2024-10-31,173.0200043,137.53238,172.0299988
2024-11-01,172.8300018,136.76036,174.1000061
2024-11-04,172.6999969,136.43633,174.9900055
2024-11-05,174.7299957,136.43555,172.3500061
2024-11-06,175.1499939,137.29933,173.4799957
2024-11-08,172.0299988,137.55315,172.8399963
2024-11-11,174.1000061,136.80447,174.7799988
2024-11-12,174.9900055,137.22647,175.3899994
2024-11-13,172.3500061,137.15427,172.9100037
2024-11-14,173.4799957,136.67722,173.3800049
2024-11-15,172.8399963,137.18352,174.3999939
2024-11-18,174.7799988,137.01672,172.5200043
2024-11-19,175.3899994,137.799,169.7200012
2024-11-20,172.9100037,138.08054,170.6300049
2024-11-21,173.3800049,137.31892,175.8099976
2024-11-22,174.3999939,137.37004,176.0
2024-11-26,172.5200043,137.62532,174.7799988
2024-11-27,169.7200012,137.06775,174.3999939
2024-11-29,170.6300049,136.29129,175.9499969
2024-12-02,175.8099976,136.36691,177.0099945
2024-12-03,176.0,137.69666,175.7100067
2024-12-04,174.7799988,138.22313,178.1499939
2024-12-05,174.3999939,138.17381,176.8999939
2024-12-06,175.9499969,137.86617,175.8600006
2024-12-09,177.0099945,138.21051,174.25
2024-12-10,175.7100067,138.66277,173.2799988
2024-12-11,178.1499939,138.53703,173.6199951
2024-12-12,176.8999939,139.44554,174.2100067
2024-12-13,175.8600006,139.11147,178.1699982
2024-12-16,174.25,138.9225,180.4499969
2024-12-17,173.2799988,138.0627,181.4299927
2024-12-18,173.6199951,137.52917,197.3600006
2024-12-19,174.2100067,137.58403,199.5200043
